url,label
https://app.python.org/login,0
https://adobe.com/about,0
http://confirm-chase-j07d-zr81-c12m-9oqt.info/confirm/6m9tlu?session=oytzi8dvvd22&id=5533,1
http://ywbi45h02ceq.xyz/update/a7ov7,1
https://shopify.com/docs/getting-started,0
https://docs.airbnb.com/account/settings,0
http://microsoft.verify-3wlpo.b1ajb8fybi.gq/,1
http://2ja7efvuzk1d.top/login/cjd7s,1
http://hzppqr2sor0q.tk/suspend/79kjo,1
https://www.microsoft.com/news/world,0
http://rb.gy/cfs3wtz,1
https://app.nasa.gov/careers,0
https://www.cloudflare.com/careers,0
http://bank0famerica.ga/limited,1
http://24.242.80.3/apple/confirm.php,1
http://g4iq9lvfowot.top/account/vxqs3,1
http://paypa1.cf/suspend,1
https://app.twitter.com/account/settings,0
https://app.cloudflare.com/support/contact,0
https://docs.shopify.com/api/v1/users,0
http://confirm-wellsfargo-xdy5-adbt-it7q-ldsy.top/confirm/r91150?session=du1qkatu1x52&id=6569,1
https://www.salesforce.com/blog/2024/updates,0
https://www.who.int/news/world,0
https://www.cloudflare.com/help/faq,0
http://whatsapp-secure.ga/billing,1
http://paypal.confirm-y1rfe.rvy2evbc11.tk/,1
https://www.reuters.com/pricing,0
http://bankofamerica--verify--0ch2.com/verify.html,1
https://www.twitter.com/about,0
http://pqfnkzgge49d.tk/update/z7fgq,1
http://netf1ix.ml/update,1
http://125.99.57.253/chase/unlock.php,1
http://30.4.44.168/paypal/signin.php,1
http://9zv14wzze7ss.cf/login/9zgiu,1
http://whatsapp-secure.ga/login,1
https://support.nytimes.com/login,0
http://tinyurl.com/enatm9m,1
https://app.bbc.com/help/faq,0
http://170xc71o4ywg.top/limited/iq4of,1
https://www.mozilla.org/news/world,0
https://docs.slack.com/careers,0
http://amazon--password--oscz.com/password.html,1
http://cutt.ly/ngbto20,1
http://wjb0fzw8fjib.xyz/update/kjshe,1
https://app.medium.com/blog/2024/updates,0
https://www.un.org/news/world,0
https://docs.adobe.com/api/v1/users,0
http://microsoft--signin--u7m4.com/signin.html,1
https://support.forbes.com/articles/technology-trends,0
https://support.notion.so/support/contact,0
http://verify-facebook-rmx6-k0ju-1ybp-erh8.ml/verify/90evfx?session=vrjoragyoygh&id=3879,1
https://support.cnn.com/articles/technology-trends,0
http://68.117.239.239/instagram/update.php,1
https://support.cnn.com/products,0
https://dropbox.com/api/v1/users,0
https://app.mit.edu/help/faq,0
http://wellsfargo.recovery-tt0bb.yjrv0e7xe5.gq/,1
http://outlook.limited-msrb0.rt5jqhg1uc.top/,1
http://paypa1.biz/password,1
https://un.org/login,0
http://wellsfargo.unlock-pbnri.xndflo9q5k.tk/,1
https://wellsfargo.com/support/contact,0
http://sw694c4ewvmt.info/verify/kagj9,1
http://wellsfargo.signin-j4wup.32eh13xa21.tk/,1
http://eegrl8h39xlj.info/suspend/lpauk,1
http://is.gd/n06jklo,1
https://app.medium.com/api/v1/users,0
http://bankofamerica.update-8stqd.358wyhmn2e.ga/,1
https://www.figma.com/help/faq,0
http://faceb00k.top/account,1
https://support.twitter.com/careers,0
http://t.co/hp1uakr,1
http://instagram.suspend-3d638.h2aeqk1ibn.ga/,1
https://www.linkedin.com/careers,0
https://docs.cnn.com/articles/technology-trends,0
https://support.wellsfargo.com/search?q=example,0
https://www.harvard.edu/careers,0
http://27.176.60.2/google/limited.php,1
http://secure-whatsapp-i7c4-4gho-cylf-ep1x.click/secure/j2c6mn?session=ucajvqlw3mdz&id=7226,1
https://medium.com/products,0
https://app.twitter.com/docs/getting-started,0
https://www.medium.com/blog/2024/updates,0
https://app.notion.so/pricing,0
https://docs.dropbox.com/products,0
http://110.136.86.154/google/update.php,1
http://google--unlock--a4aa.com/unlock.html,1
http://q4hi85fvoevy.top/secure/91ooq,1
http://whatsapp-secure.click/urgent,1
https://dropbox.com/docs/getting-started,0
http://netflix--recovery--rvi3.com/recovery.html,1
https://forbes.com/support/contact,0
http://u1yu99mn62rg.ml/login/pku44,1
http://2dt1egd9dsyz.ml/login/0oa3y,1
http://bankofamerica--webscr--vr8v.com/webscr.html,1
http://amazon--verify--h2xf.com/verify.html,1
http://linkedin--webscr--ba4i.com/webscr.html,1
http://28.141.138.69/microsoft/account.php,1
http://tinyurl.com/l0h9com,1
https://app.python.org,0
http://paypal--limited--5n0v.com/limited.html,1
http://wellsfargo.suspend-h4ieu.ydgdvr8x2s.top/,1
https://docs.airbnb.com/en/home,0
http://dx90xdr7cete.cf/password/7ggo8,1
http://billing-dropbox-8bc9-ujry-djf5-2se3.gq/billing/mctnud?session=jo8xdkk9r1zv&id=3968,1
http://is.gd/o2tx9sp,1
http://paypal--verify--z0c9.com/verify.html,1
https://spotify.com/help/faq,0
https://netflix.com/careers,0
http://205.115.98.174/instagram/limited.php,1
http://jxd4poauw49j.gq/urgent/u5u8m,1
http://246.172.25.53/paypal/unlock.php,1
http://chase-secure.cf/webscr,1
http://bit.ly/sude9yf,1
http://goo.gl/3m3fquk,1
http://app1e.biz/account,1
http://dropbox--password--pm7v.com/password.html,1
http://goo.gl/bb8qpt1,1
https://support.spotify.com/support/contact,0
http://sr17otft0uff.ml/webscr/pfkdf,1
https://www.paypal.com/about,0
https://support.bbc.com/help/faq,0
http://jm7uvhqmrz8j.cf/verify/t6rcb,1
http://b9uokyn8bkfr.click/update/hgp0o,1
http://amaz0n.info/password,1
http://instagram.update-atiup.zaxd6ah7r7.click/,1
http://rb.gy/rpolu1l,1
https://www.slack.com/products,0
https://medium.com/help/faq,0
http://bankofamerica.account-5l3ll.nzj2o1xj4f.cf/,1
https://docs.reuters.com/docs/getting-started,0
http://instagram-secure.top/secure,1
https://www.twitter.com/help/faq,0
https://support.paypal.com/news/world,0
http://verify-dropbox-o15r-rzw4-z56r-j3gh.gq/verify/55oibg?session=de5blyujtge7&id=9064,1
https://app.wikipedia.org/products,0
https://www.stackoverflow.com/help/faq,0
https://www.ebay.com/blog/2024/updates,0
http://bank0famerica.info/account,1
https://paypal.com/en/home,0
http://webscr-whatsapp-8oyf-07of-pxan-bx94.ga/webscr/hdwxis?session=3j90pnodihjy&id=1431,1
https://notion.so/docs/getting-started,0
https://www.un.org/pricing,0
http://cutt.ly/ihgbijw,1
https://www.npr.org/docs/getting-started,0
https://docs.wellsfargo.com/search?q=example,0
https://www.salesforce.com/login,0
https://mozilla.org/articles/technology-trends,0
http://b66dzikd4jip.biz/webscr/xr3p3,1
https://support.nasa.gov/support/contact,0
http://5tq9dzgkdnq4.ml/billing/2vqxx,1
https://support.ebay.com/docs/getting-started,0
http://bankofamerica.signin-34dz5.bvo2b581zh.cf/,1
https://docs.microsoft.com/search?q=example,0
http://signin-netflix-emff-zqjv-8wzi-ygsf.xyz/signin/o2cp9j?session=rb5oopo2njas&id=4992,1
https://www.instagram.com/articles/technology-trends,0
https://support.microsoft.com/help/faq,0
https://support.python.org/products,0
http://156.21.216.72/netflix/unlock.php,1
http://rb.gy/qf6t9us,1
http://mbvukx7az0de.cf/recovery/6jrfl,1
https://docs.un.org/en/home,0
https://forbes.com/en/home,0
http://k1ejhkdn7qo4.xyz/recovery/o1wy8,1
https://docs.twitter.com/en/home,0
https://www.reuters.com/news/world,0
http://jetpztn8gmbb.tk/password/shnle,1
http://04bvxhtp55zn.top/update/1pspk,1
http://cyxdofkf9dqf.info/recovery/q2jsj,1
http://bankofamerica.urgent-yy8pq.ywg3zlsc0s.biz/,1
https://docs.shopify.com/help/faq,0
http://zjuxyzt2lhpa.click/update/ripxh,1
http://unlock-apple-tc8w-bvqn-bv11-dg9y.gq/unlock/8317qk?session=y3piarrfp8sv&id=7465,1
https://support.twitter.com/account/settings,0
http://142.55.158.76/apple/update.php,1
http://faceb00k.ga/verify,1
https://docs.instagram.com/docs/getting-started,0
https://docs.twitter.com/news/world,0
http://1inkedin.info/urgent,1
http://k6f3me1r32jv.ml/webscr/lv371,1
https://app.harvard.edu/products,0
http://amaz0n.gq/webscr,1
http://wellsfargo.recovery-mt69s.5wv2xkkubh.info/,1
https://www.twitter.com/api/v1/users,0
http://214.150.189.100/bankofamerica/confirm.php,1
https://www.paypal.com/account/settings,0
https://python.org/support/contact,0
https://docs.ebay.com/blog/2024/updates,0
http://249.27.73.69/paypal/update.php,1
http://141.72.159.161/chase/limited.php,1
https://apple.com/api/v1/users,0
https://docs.figma.com/news/world,0
https://support.cloudflare.com/blog/2024/updates,0
https://app.amazon.com/help/faq,0
https://app.cnn.com/login,0
http://unlock-facebook-kf9q-cfh6-tx8k-1apt.tk/unlock/7s82i5?session=u7w86ngcpcmj&id=5910,1
https://app.harvard.edu/about,0
http://dropbox--signin--zgqt.com/signin.html,1
http://linkedin.login-c04t2.tsnl5ah9we.xyz/,1
http://paypal.verify-xzj1x.82f6zm5u6d.top/,1
http://68.195.212.149/google/recovery.php,1
http://whatsapp-secure.biz/account,1
http://dropbox--webscr--k2ug.com/webscr.html,1
https://support.amazon.com/api/v1/users,0
http://ow.ly/sqghzmf,1
https://app.adobe.com/blog/2024/updates,0
http://microsoft.confirm-ipy09.ilywu5140v.click/,1
https://www.slack.com/help/faq,0
https://www.notion.so/api/v1/users,0
http://0u24iqlusmf0.xyz/recovery/lzyob,1
https://chase.com/pricing,0
https://support.stackoverflow.com/search?q=example,0
https://app.wikipedia.org/api/v1/users,0
https://app.reddit.com/docs/getting-started,0
https://docs.dropbox.com/about,0
http://236.238.117.212/linkedin/billing.php,1
https://docs.github.com/careers,0
http://amaz0n.top/secure,1
http://instagram--update--366f.com/update.html,1
http://ebay-secure.click/signin,1
http://ebay-secure.click/login,1
https://www.microsoft.com/products,0
http://instagram.update-q2ih5.erxwfel3q4.tk/,1
http://bankofamerica--unlock--q2rp.com/unlock.html,1
http://227.24.61.154/wellsfargo/password.php,1
http://goo.gl/9uradf5,1
https://docs.paypal.com/docs/getting-started,0
http://suspend-google-84s5-7ejl-s6cu-y4c6.top/suspend/3bcdaq?session=pywvfx7r7jzy&id=3014,1
http://instagram.login-4kpzk.eq9tned0ij.top/,1
http://4.175.142.198/amazon/unlock.php,1
https://support.ebay.com,0
http://37.194.107.44/amazon/account.php,1
https://slack.com/search?q=example,0
http://linkedin.unlock-94lx9.qq81xrzn09.info/,1
https://app.apple.com/news/world,0
https://docs.twitter.com/pricing,0
http://ebay-secure.top/urgent,1
http://confirm-wellsfargo-b0hw-m8ls-wu65-2fys.click/confirm/jkv0ze?session=fkvouusrzr2x&id=9535,1
https://www.microsoft.com/account/settings,0
https://www.ebay.com/products,0
http://linkedin.account-xw7le.kzcop0laj3.gq/,1
http://ek6y6x573lux.info/billing/454rz,1
http://rb.gy/o1o8ph6,1
https://www.apple.com/support/contact,0
https://www.github.com/articles/technology-trends,0
https://docs.amazon.com/news/world,0
http://apple.verify-z74vb.teh7sg8soo.biz/,1
http://netf1ix.ml/confirm,1
https://docs.un.org/articles/technology-trends,0
https://support.chase.com/products,0
https://twitter.com/en/home,0
https://app.linkedin.com/search?q=example,0
https://app.harvard.edu/blog/2024/updates,0
http://rb.gy/sml9cym,1
http://bankofamerica.urgent-opp54.ou4r9vvmiu.tk/,1
http://whatsapp-secure.gq/urgent,1
http://linkedin.account-nyd22.onwbi2hyb2.top/,1
http://goo.gl/p8q2h1j,1
https://support.un.org/api/v1/users,0
https://www.mozilla.org/en/home,0
https://docs.figma.com/pricing,0
http://chase.signin-dhzq7.93wb7liedr.ml/,1
https://support.dropbox.com/search?q=example,0
https://app.figma.com/articles/technology-trends,0
http://webscr-chase-9era-upeu-lcq6-ct5z.biz/webscr/75oem3?session=2h0y9sg0ygjn&id=8945,1
https://app.stackoverflow.com/docs/getting-started,0
https://notion.so,0
https://www.dropbox.com/careers,0
http://mnv9ky71l2bn.top/login/lrjzm,1
http://rb.gy/28kcv6j,1
http://paypal.confirm-ww817.xbtt6h5300.xyz/,1
http://50.88.77.61/ebay/billing.php,1
https://instagram.com/login,0
http://175.97.197.130/outlook/suspend.php,1
https://www.google.com/docs/getting-started,0
https://support.netflix.com/help/faq,0
http://facebook.unlock-vkg3c.mevm43vvt0.click/,1
http://paypa1.ml/suspend,1
https://reddit.com/support/contact,0
http://ebay-secure.info/signin,1
http://billing-apple-h6hc-nb09-og2z-rf5k.top/billing/7c8a7g?session=x2gjbgvd3fm6&id=1695,1
https://support.slack.com/articles/technology-trends,0
https://support.ebay.com/about,0
http://google--signin--xa1l.com/signin.html,1
https://ebay.com/support/contact,0
https://www.wikipedia.org/products,0
https://www.nasa.gov/products,0
http://we11sfarg0.info/signin,1
https://docs.bbc.com/careers,0
https://support.chase.com/about,0
http://amazon--webscr--n4yt.com/webscr.html,1
https://app.medium.com/search?q=example,0
https://www.slack.com/pricing,0
http://119.190.203.128/google/limited.php,1
http://amazon--verify--caik.com/verify.html,1
http://224.169.94.4/dropbox/unlock.php,1
http://amazon.unlock-edqhc.g54uopgly0.ml/,1
http://update-facebook-76d9-nkjh-chal-olab.ml/update/7y31yh?session=cb694yha9fsm&id=7105,1
http://us1z8ew5bolp.xyz/signin/xv6az,1
https://support.google.com/search?q=example,0
https://www.figma.com/api/v1/users,0
https://chase.com/search?q=example,0
http://whatsapp-secure.gq/webscr,1
http://ow.ly/465y9i4,1
http://110.96.46.142/netflix/password.php,1
http://recovery-paypal-ft69-n3vx-do3v-94x2.ml/recovery/goavws?session=97xgck5i0gqm&id=4072,1
http://apple--verify--n7ay.com/verify.html,1
http://urgent-facebook-hxiu-yatd-8my1-uxi7.biz/urgent/ogza83?session=ujso53jsjcut&id=9230,1
http://paypal--verify--tuql.com/verify.html,1
http://tinyurl.com/sdq8mpk,1
https://www.reddit.com/docs/getting-started,0
https://www.wellsfargo.com/articles/technology-trends,0
https://www.salesforce.com/about,0
http://whatsapp--webscr--qy9u.com/webscr.html,1
https://support.bbc.com/search?q=example,0
http://7gfxp510dgrr.gq/secure/6v0qw,1
http://limited-paypal-sfn2-44ko-0jl6-qkv3.biz/limited/eoyyig?session=bm760jgl4c86&id=2925,1
http://paypa1.xyz/recovery,1
http://webscr-chase-ouxp-7i9b-saw0-hj1v.tk/webscr/9jzw8j?session=1rf9yyw0ena9&id=8895,1
http://confirm-instagram-5zkb-wwwt-p6rd-qyb9.gq/confirm/ojvzif?session=y7o0pj1tv28i&id=4387,1
http://paypal--suspend--vt6f.com/suspend.html,1
https://docs.spotify.com/docs/getting-started,0
https://support.shopify.com/about,0
https://app.figma.com/api/v1/users,0
http://cutt.ly/akui6y3,1
http://chase--recovery--k6i2.com/recovery.html,1
https://www.netflix.com/account/settings,0
https://app.bbc.com/about,0
http://goo.gl/78snf69,1
https://app.stackoverflow.com/pricing,0
http://paypa1.tk/account,1
https://adobe.com/help/faq,0
http://ebay--update--evrc.com/update.html,1
http://dropbox--recovery--q9ku.com/recovery.html,1
http://ow.ly/tr5goit,1
https://python.org/products,0
http://signin-netflix-pl13-ylgz-cpkr-8sen.click/signin/09hxeg?session=6u02kqn6c3be&id=8567,1
https://app.wellsfargo.com/blog/2024/updates,0
https://support.mit.edu/search?q=example,0
http://outlook.urgent-nvl5x.89un37lhsp.cf/,1
https://docs.ebay.com/docs/getting-started,0
https://app.mit.edu/news/world,0
https://app.who.int/en/home,0
http://xdyp4peh8drz.click/secure/rgpa5,1
http://177.186.112.58/bankofamerica/recovery.php,1
https://support.stackoverflow.com/login,0
http://0jdxorrb522s.top/unlock/kd2iz,1
https://npr.org/api/v1/users,0
http://login-dropbox-vag1-059s-c5z5-65od.info/login/b1u9er?session=04h5w21bksm4&id=6633,1
https://app.cnn.com/careers,0
https://app.forbes.com/news/world,0
https://docs.netflix.com/articles/technology-trends,0
https://support.who.int/blog/2024/updates,0
http://instagram--urgent--sagl.com/urgent.html,1
http://apple--unlock--apiy.com/unlock.html,1
https://docs.medium.com/articles/technology-trends,0
http://goo.gl/pq4giq3,1
https://app.ebay.com/account/settings,0
https://dropbox.com/articles/technology-trends,0
https://docs.bbc.com/products,0
https://docs.npr.org/login,0
http://netflix.webscr-x01up.z6vk82wu9u.biz/,1
http://faceb00k.top/update,1
https://www.figma.com/blog/2024/updates,0
https://www.apple.com/pricing,0
https://support.un.org/articles/technology-trends,0
http://58.88.222.175/instagram/update.php,1
https://docs.medium.com/login,0
http://apple.password-gvuqk.f11b0oiis7.tk/,1
http://is.gd/kdptq21,1
http://outlook.unlock-s6be8.662jhf2b86.top/,1
https://support.paypal.com,0
http://kx0vjp4nqgve.click/urgent/5pqvs,1
https://www.ebay.com/api/v1/users,0
https://docs.salesforce.com/about,0
http://netflix.account-fute0.ibqr9lc5bd.xyz/,1
http://whatsapp.verify-blmey.v2tfkg9lc5.gq/,1
http://google--signin--jkue.com/signin.html,1
http://whatsapp.login-sr9x6.wfx6kznj8a.top/,1
http://google.urgent-41cmg.otinif1heb.tk/,1
http://paypal.urgent-756va.8mmsst2bt6.gq/,1
http://51.115.169.140/netflix/unlock.php,1
https://support.harvard.edu/news/world,0
http://is.gd/lohjckh,1
http://whatsapp.urgent-hd2du.8gcxbjlif0.ml/,1
https://instagram.com/account/settings,0
https://un.org/products,0
http://189.86.116.126/instagram/billing.php,1
https://support.cloudflare.com/about,0
https://support.forbes.com/docs/getting-started,0
http://ukffm4g28xdb.ga/verify/wuyh6,1
https://apple.com/blog/2024/updates,0
https://app.medium.com/support/contact,0
http://microsoft.secure-qvyrk.x8adqchdte.ga/,1
https://support.reuters.com,0
https://app.airbnb.com/en/home,0
https://docs.mozilla.org/articles/technology-trends,0
http://ebay--limited--1f1q.com/limited.html,1
https://support.mit.edu/careers,0
https://www.microsoft.com/api/v1/users,0
http://jxjfpea0jl4i.info/login/t40v2,1
https://www.cnn.com/pricing,0
http://facebook.update-9s83c.v6r7z7m1c3.gq/,1
http://9l1g5519jn7q.gq/webscr/chpt9,1
http://apple--unlock--5c5u.com/unlock.html,1
https://nytimes.com/articles/technology-trends,0
http://update-paypal-7ji4-cdns-x0k0-ll7j.ga/update/xhkb5n?session=tzxqubbvb4cj&id=7679,1
http://50.88.112.236/outlook/confirm.php,1
http://203.163.19.51/apple/confirm.php,1
https://docs.notion.so/articles/technology-trends,0
http://linkedin.confirm-badvf.3pi5u7cgef.xyz/,1
https://netflix.com,0
http://tinyurl.com/4tjitp7,1
https://support.npr.org,0
http://facebook.urgent-jpkux.0kg1uetp99.cf/,1
http://9uqu0z21zqdr.click/login/ovct2,1
http://ow.ly/ou83mwj,1
https://app.npr.org/en/home,0
http://tinyurl.com/xgbodai,1
http://tinyurl.com/awlzwag,1
http://t.co/r4fxzyk,1
https://airbnb.com/support/contact,0
http://password-microsoft-kcmh-myww-j7zl-bl5p.xyz/password/ixwnpj?session=kj2om7lasx4o&id=6800,1
https://www.adobe.com/support/contact,0
http://paypa1.tk/suspend,1
http://bit.ly/powtigy,1
http://we11sfarg0.cf/update,1
https://twitter.com/help/faq,0
http://fdix5smjyncp.biz/suspend/2viru,1
https://forbes.com/account/settings,0
https://app.twitter.com/news/world,0
http://paypal.unlock-laxae.oo3np4vynz.xyz/,1
https://google.com/account/settings,0
https://app.apple.com/api/v1/users,0
https://support.twitter.com,0
http://126.165.172.233/microsoft/verify.php,1
http://limited-apple-wxbo-edaz-snta-nhar.xyz/limited/icn1c6?session=see8tgovl8ww&id=4991,1
http://rb.gy/vjmehim,1
http://login-facebook-sm1y-vn8a-l3t7-gjsl.ml/login/fsb9z7?session=ivauijsyibmx&id=6733,1
http://billing-facebook-hvi8-bbyf-vw9e-d7nx.info/billing/mk8zos?session=kxv0n9pacb7g&id=9216,1
http://instagram-secure.xyz/unlock,1
https://linkedin.com/docs/getting-started,0
http://chase.account-zkhi8.7e3dx7aku0.top/,1
http://wellsfargo--password--nknw.com/password.html,1
https://support.nytimes.com/about,0
https://support.stackoverflow.com/help/faq,0
https://docs.cnn.com,0
http://130.241.100.25/ebay/billing.php,1
https://docs.instagram.com/pricing,0
https://docs.netflix.com/support/contact,0
http://190.66.238.32/netflix/webscr.php,1
https://app.stackoverflow.com/help/faq,0
http://dropbox--urgent--i450.com/urgent.html,1
https://docs.amazon.com/help/faq,0
https://spotify.com/support/contact,0
http://facebook--urgent--u0xg.com/urgent.html,1
http://nlu3o3xvmqqb.ga/urgent/h01z5,1
https://support.npr.org/pricing,0
http://ztfus3guumgn.ga/secure/xn047,1
http://microsoft--suspend--6d4r.com/suspend.html,1
http://paypa1.ga/recovery,1
http://paypa1.cf/login,1
http://update-paypal-vs2y-dlkb-zxou-rfla.ml/update/il2uwd?session=ak0dfuhvnlwq&id=8211,1
http://microsoft.unlock-7nhbq.bkf0e4tyck.cf/,1
https://docs.dropbox.com/account/settings,0
http://urgent-instagram-30v8-y49a-vvuw-2j35.cf/urgent/8kyqzc?session=f59wfn7xtsu2&id=8657,1
https://app.google.com/docs/getting-started,0
https://www.linkedin.com/login,0
https://support.nytimes.com/help/faq,0
https://app.python.org/docs/getting-started,0
http://167.34.4.45/chase/urgent.php,1
https://app.amazon.com,0
http://amazon.urgent-5z98z.pkceyias37.info/,1
http://80.135.27.198/amazon/webscr.php,1
http://t4sqnaznt6c3.biz/account/5dwa3,1
http://whatsapp-secure.gq/confirm,1
https://www.twitter.com/en/home,0
http://google.recovery-x8o7k.obmw7j77d8.xyz/,1
https://forbes.com/pricing,0
https://salesforce.com/help/faq,0
http://secure-netflix-0xoq-0d1c-uzbm-xz2o.ga/secure/460kp7?session=s5e1b0e9fjcx&id=5544,1
http://netf1ix.gq/unlock,1
http://instagram--confirm--5cu1.com/confirm.html,1
https://support.adobe.com/search?q=example,0
https://www.salesforce.com/account/settings,0
http://amaz0n.ml/account,1
http://bank0famerica.top/urgent,1
http://2.93.199.105/google/limited.php,1
http://limited-outlook-ie3x-v6uh-353s-fi5s.top/limited/leg89j?session=rfzi1rlkj4v6&id=2219,1
https://docs.amazon.com/account/settings,0
https://app.amazon.com/search?q=example,0
https://app.cloudflare.com/pricing,0
http://update-instagram-1uim-qi09-mttf-t38l.top/update/1gi72u?session=6w3w13003b9b&id=7896,1
https://app.who.int/support/contact,0
https://support.who.int/login,0
https://www.who.int/search?q=example,0
http://250.122.46.242/amazon/confirm.php,1
http://bit.ly/27ppqlp,1
http://amazon--unlock--9fm8.com/unlock.html,1
http://urgent-amazon-dxq6-whdh-2ta3-vp8o.xyz/urgent/tsiy7p?session=gu7mx3gj10ff&id=2018,1
https://www.cloudflare.com/about,0
https://www.spotify.com/pricing,0
http://bankofamerica--confirm--n3vb.com/confirm.html,1
http://lu4evb2y6o6a.cf/confirm/bhtp1,1
http://instagram--update--780c.com/update.html,1
http://amazon--account--4n5s.com/account.html,1
http://bankofamerica--webscr--8bnv.com/webscr.html,1
http://unlock-apple-vcsd-spnn-nwm7-quhz.cf/unlock/jgfg37?session=3h8dmpfm5niz&id=6292,1
http://signin-facebook-9qx2-2zac-sb7i-tato.cf/signin/ubr969?session=jgc3wjiqxpoq&id=5920,1
https://nasa.gov/en/home,0
http://chase--login--sr6n.com/login.html,1
https://support.netflix.com/blog/2024/updates,0
http://password-wellsfargo-jnat-0g7r-i0g6-hshg.click/password/mmq7mw?session=0skc95n4vpaa&id=2458,1
https://harvard.edu/docs/getting-started,0
http://whatsapp.recovery-btohn.lietlu3mh1.top/,1
https://support.twitter.com/help/faq,0
http://8gqk9pfvklgb.click/signin/nik6p,1
https://www.airbnb.com/news/world,0
http://suspend-facebook-jukm-zkkk-u740-roq4.gq/suspend/xjtvwu?session=2t1z0azd0wi3&id=5492,1
http://iwnz00322y3x.xyz/signin/uzi7n,1
https://www.wellsfargo.com/api/v1/users,0
http://micr0s0ft.tk/account,1
http://gwxte1tofy4b.gq/signin/ucjpl,1
http://outlook--verify--um25.com/verify.html,1
http://170.191.83.55/paypal/login.php,1
http://app1e.gq/billing,1
http://t.co/3skiubh,1
https://app.wellsfargo.com/login,0
https://docs.medium.com/news/world,0
https://www.spotify.com/news/world,0
http://oaa61zyedhy6.cf/password/efmvb,1
https://support.instagram.com/help/faq,0
https://app.reddit.com,0
https://mit.edu/pricing,0
http://ebay--confirm--2qrc.com/confirm.html,1
http://limited-whatsapp-qbcv-0qmv-din9-vdp5.ml/limited/cwe0f9?session=4ircgc56ow14&id=5971,1
http://urgent-amazon-cew2-021s-4il6-fjax.click/urgent/yu2l6r?session=got5vd7761su&id=7292,1
https://support.chase.com/pricing,0
https://support.netflix.com/about,0
http://netflix.password-aebj5.im9yx0jsii.top/,1
https://paypal.com/support/contact,0
http://zk2q1z1jfwe7.cf/suspend/i4bcd,1
https://www.microsoft.com,0
https://cloudflare.com/account/settings,0
http://outlook.suspend-lmglo.ypjvgsb6tm.gq/,1
https://docs.mit.edu/en/home,0
https://docs.mozilla.org/docs/getting-started,0
http://secure-linkedin-g2qg-ceeq-2b5j-acyr.ga/secure/vza654?session=1ze8oay4h8wv&id=5961,1
http://t.co/6g9zxxb,1
https://app.reddit.com/pricing,0
http://ow.ly/69jfrjm,1
https://docs.wikipedia.org/en/home,0
http://instagram.suspend-ikyi1.mo0watyk3m.ml/,1
http://linkedin--billing--2sk1.com/billing.html,1
https://support.nasa.gov/en/home,0
http://7sboxxstkt42.gq/update/jijsy,1
https://www.harvard.edu/login,0
https://app.notion.so,0
http://micr0s0ft.biz/suspend,1
http://chase.recovery-u787z.5mzcwd4g7f.info/,1
https://www.forbes.com/account/settings,0
https://app.reuters.com/blog/2024/updates,0
http://xx7xprnyfgih.tk/confirm/mm2ge,1
https://support.reuters.com/support/contact,0
http://ow.ly/jdsn8cw,1
http://paypal.webscr-iofir.b76jnxhnbu.gq/,1
http://z8sq6jp5pm2e.ga/signin/giffd,1
https://support.instagram.com,0
http://faceb00k.tk/webscr,1
http://facebook.account-jjhxu.hanha0gvn2.top/,1
http://pycwhe4f1do8.info/confirm/zn0up,1
http://bit.ly/20o3ogb,1
http://66.131.29.242/outlook/password.php,1
http://gh5oem1vzuh8.ga/recovery/unclv,1
https://medium.com/careers,0
https://www.paypal.com/news/world,0
https://www.cnn.com,0
http://facebook--account--ui2m.com/account.html,1
http://app1e.cf/signin,1
http://instagram.password-d20q8.ebf3kkisdx.click/,1
http://google--limited--577f.com/limited.html,1
https://www.cloudflare.com/account/settings,0
http://netf1ix.tk/recovery,1
http://pn8dpoy7ul2a.ml/confirm/5emdj,1
https://www.nasa.gov/search?q=example,0
https://www.npr.org/help/faq,0
https://app.python.org/careers,0
https://support.instagram.com/search?q=example,0
http://netflix.limited-lwzdy.6bgsqjw9jl.ga/,1
https://www.stackoverflow.com/news/world,0
https://docs.npr.org/account/settings,0
https://instagram.com/help/faq,0
https://support.cloudflare.com/login,0
https://www.airbnb.com/en/home,0
https://adobe.com/search?q=example,0
http://facebook.account-j2ezp.14ktm63rma.info/,1
http://netflix--recovery--bull.com/recovery.html,1
https://www.mit.edu/api/v1/users,0
http://apple--signin--gv6e.com/signin.html,1
http://241.77.171.247/amazon/login.php,1
http://129.57.213.49/facebook/update.php,1
http://linkedin--confirm--ya9m.com/confirm.html,1
http://amazon.limited-4hr3c.z1mzveuv5n.info/,1
https://docs.reddit.com/help/faq,0
http://t.co/r2du3qk,1
http://t.co/cyou86j,1
https://docs.twitter.com/blog/2024/updates,0
https://support.mit.edu,0
https://bbc.com/docs/getting-started,0
https://docs.nytimes.com/en/home,0
http://unlock-whatsapp-1250-kj6i-53i6-7hn3.click/unlock/ck9xh0?session=hhxsc7jhxtxt&id=5816,1
https://docs.airbnb.com/help/faq,0
https://docs.python.org/products,0
https://app.mit.edu,0
http://micr0s0ft.cf/account,1
http://chase.webscr-gn64x.ega7nmsk8a.biz/,1
http://tinyurl.com/i7gxhgq,1
https://www.wikipedia.org/docs/getting-started,0
https://reuters.com/pricing,0
http://linkedin.webscr-x8g2o.r4s86pyb5z.biz/,1
https://forbes.com/docs/getting-started,0
http://118.212.201.49/dropbox/secure.php,1
http://we11sfarg0.gq/update,1
https://support.salesforce.com/careers,0
http://chase-secure.biz/limited,1
http://goo.gl/4w02bsm,1
http://app1e.ml/unlock,1
http://225.72.182.73/microsoft/billing.php,1
http://amazon--account--fcwl.com/account.html,1
http://1inkedin.ga/update,1
https://dropbox.com/help/faq,0
https://support.github.com/news/world,0
http://login-instagram-yfdv-w10h-oayd-t7cu.info/login/ju6ojd?session=z26fo1szjivf&id=8796,1
https://docs.cloudflare.com/products,0
http://176.38.120.175/whatsapp/limited.php,1
http://cutt.ly/ve5z8d7,1
https://docs.mit.edu/api/v1/users,0
https://www.python.org/docs/getting-started,0
http://chase-secure.top/update,1
http://cutt.ly/gtvbehd,1
https://app.linkedin.com/blog/2024/updates,0
http://csmu6fgk88ae.cf/password/n1gn8,1
http://wellsfargo.billing-tyguj.fjt0kdulbd.top/,1
https://support.shopify.com/articles/technology-trends,0
http://249.4.237.70/linkedin/billing.php,1
https://support.adobe.com/support/contact,0
http://icvco81q6sit.biz/update/v69ef,1
http://bank0famerica.info/billing,1
http://goo.gl/dp69d1w,1
https://support.npr.org/blog/2024/updates,0
http://urgent-dropbox-6ky9-yckv-jkjl-d0tt.click/urgent/slhima?session=qa3558a5pn43&id=7719,1
http://linkedin.update-jjujy.tswgr5xqea.click/,1
http://limited-chase-ja0c-c46c-17z4-g25p.ml/limited/9a0niw?session=spfb4tk3b33i&id=7641,1
https://app.who.int/blog/2024/updates,0
https://www.ebay.com,0
http://f7j2e18fu3kr.xyz/urgent/bcabb,1
https://chase.com/products,0
https://www.instagram.com/login,0
http://instagram.suspend-nshd5.9kt5sesa3c.gq/,1
http://dropbox.verify-2klta.5b0e5en0yu.ga/,1
https://support.stackoverflow.com/articles/technology-trends,0
http://urgent-amazon-hfiy-lhlq-s3e3-r1uq.ga/urgent/erdyyv?session=dqql2e5mzl5g&id=3357,1
https://app.adobe.com/careers,0
http://linkedin--verify--x3j2.com/verify.html,1
https://forbes.com/login,0
http://paypal.billing-r5nam.rwmftoo5xc.top/,1
https://www.medium.com/about,0
https://app.wellsfargo.com/news/world,0
https://app.wikipedia.org/search?q=example,0
http://google.suspend-4al05.ogrp91ymjj.ga/,1
http://tinyurl.com/oylzd6s,1
https://support.figma.com/en/home,0
http://recovery-microsoft-1wlr-qqxq-q1d8-n8xe.click/recovery/n29gau?session=phj8366q8y17&id=9429,1
http://google--suspend--lhpi.com/suspend.html,1
http://dropbox--recovery--eanw.com/recovery.html,1
http://185.237.226.174/linkedin/account.php,1
https://app.slack.com/search?q=example,0
http://16.155.188.214/whatsapp/webscr.php,1
https://app.slack.com/pricing,0
http://netflix--billing--mq02.com/billing.html,1
http://dr0pb0x.info/suspend,1
http://181.248.134.163/bankofamerica/verify.php,1
http://google--secure--flff.com/secure.html,1
http://t3ki24sjnnma.xyz/recovery/gjy1k,1
http://outlook--webscr--k2pc.com/webscr.html,1
https://app.mit.edu/products,0
http://linkedin.update-fhflf.atr9whv3f3.ga/,1
http://verify-google-ytop-s2ii-7kbc-wu43.info/verify/r92i8l?session=3178tw48of2t&id=6992,1
http://244.24.200.131/whatsapp/update.php,1
http://g00g1e.top/unlock,1
https://support.figma.com/api/v1/users,0
http://0ut100k.ga/secure,1
https://app.who.int/login,0
https://support.microsoft.com/news/world,0
http://132.155.127.246/google/secure.php,1
http://114.12.58.53/dropbox/signin.php,1
https://slack.com/api/v1/users,0
http://wellsfargo.account-5l7cv.qahlj2xlqp.ml/,1
https://netflix.com/support/contact,0
http://308eg92ionnx.ml/secure/cqa0h,1
https://app.nytimes.com,0
http://qpg4pvdv7pe2.ml/recovery/2hfdc,1
http://dr0pb0x.cf/billing,1
https://docs.wellsfargo.com/help/faq,0
https://docs.reddit.com/articles/technology-trends,0
https://support.apple.com/docs/getting-started,0
http://ebay.account-4evru.7zga6x9stg.gq/,1
https://support.cnn.com/account/settings,0
http://billing-dropbox-q70k-65ic-next-h0yy.gq/billing/xbu5mb?session=n1j2itzpjbo2&id=5143,1
http://dlh4c4ut7wms.top/update/xv4ii,1
https://spotify.com,0
https://docs.chase.com/news/world,0
https://who.int/support/contact,0
https://app.nasa.gov/articles/technology-trends,0
http://apple--secure--pcez.com/secure.html,1
https://app.ebay.com/api/v1/users,0
http://cojwgqwluh5g.ga/account/lj5yq,1
https://app.chase.com/en/home,0
http://paypa1.top/password,1
http://facebook.urgent-nqn3q.1wsnv69rf6.tk/,1
http://162.180.80.188/apple/password.php,1
http://tinyurl.com/sjsrl1a,1
https://wikipedia.org/pricing,0
http://g00g1e.tk/password,1
https://notion.so/account/settings,0
http://signin-whatsapp-bxrx-3yr5-v3zr-vmxp.top/signin/x4rzy6?session=ye1nriflvsxb&id=9773,1
https://support.instagram.com/pricing,0
https://wikipedia.org/docs/getting-started,0
http://facebook--password--4ssg.com/password.html,1
https://www.salesforce.com/docs/getting-started,0
https://support.notion.so/login,0
https://support.google.com/careers,0
https://app.spotify.com/help/faq,0
http://ow.ly/u2w4x5t,1
https://medium.com/api/v1/users,0
http://goo.gl/cydmlaj,1
http://paypa1.ga/billing,1
https://app.mozilla.org/about,0
http://google.login-akxc8.hnxt1jek4y.ga/,1
http://paypal--secure--2x7m.com/secure.html,1
http://213.184.162.237/chase/urgent.php,1
https://docs.dropbox.com/blog/2024/updates,0
http://update-instagram-e2aj-9vgy-jkwp-0r88.ga/update/a6or8z?session=86oc1iqz4j72&id=2116,1
https://stackoverflow.com/support/contact,0
https://app.linkedin.com/about,0
https://support.adobe.com/articles/technology-trends,0
http://facebook.billing-26znl.qvmuqzhs2b.ml/,1
https://docs.microsoft.com/careers,0
https://support.chase.com/articles/technology-trends,0
http://amazon.unlock-y7043.koj81mrdzs.xyz/,1
http://is.gd/cc4xh4f,1
http://t.co/76tzd8h,1
https://www.shopify.com/api/v1/users,0
http://142.219.2.195/instagram/verify.php,1
https://chase.com/careers,0
https://support.python.org/blog/2024/updates,0
https://docs.forbes.com/about,0
http://confirm-microsoft-t1zb-lqf1-hmqt-68pd.xyz/confirm/4n1rlr?session=6czlsra0nb0i&id=5501,1
http://paypal--suspend--c8vu.com/suspend.html,1
https://app.wikipedia.org/about,0
https://app.medium.com/news/world,0
https://app.wellsfargo.com/account/settings,0
http://uqnbmzsy83fh.ga/account/do8h9,1
http://rb.gy/v87eqrr,1
https://www.paypal.com/api/v1/users,0
https://docs.salesforce.com/help/faq,0
http://secure-amazon-9it0-2f6n-jx8k-p819.click/secure/ca3ska?session=d4rqywn6sck8&id=2145,1
http://is.gd/rw0pudl,1
https://app.github.com/login,0
https://un.org/account/settings,0
http://90.250.210.163/ebay/webscr.php,1
http://mq4j5l5simf7.cf/unlock/a1e59,1
http://bankofamerica--login--j3j5.com/login.html,1
http://faceb00k.tk/login,1
https://app.npr.org/docs/getting-started,0
https://ebay.com/articles/technology-trends,0
https://nytimes.com/about,0
https://docs.notion.so/docs/getting-started,0
http://7m5c8u7azlpx.tk/confirm/rbxyy,1
https://app.microsoft.com/about,0
http://76.2.160.213/dropbox/suspend.php,1
https://docs.chase.com/articles/technology-trends,0
https://docs.npr.org/en/home,0
https://docs.wikipedia.org/account/settings,0
https://www.linkedin.com/account/settings,0
http://s556q8v88bc1.ml/secure/y2uy2,1
https://app.dropbox.com/about,0
https://reuters.com/search?q=example,0
https://docs.nasa.gov/search?q=example,0
https://docs.mit.edu/news/world,0
http://1inkedin.biz/limited,1
https://www.dropbox.com/docs/getting-started,0
http://dropbox--secure--4xye.com/secure.html,1
http://cutt.ly/inzdozl,1
http://chase--billing--gyiu.com/billing.html,1
https://docs.forbes.com/help/faq,0
https://support.paypal.com/articles/technology-trends,0
http://1inkedin.info/suspend,1
https://www.harvard.edu/blog/2024/updates,0
http://microsoft.update-j3vgh.xejpfeaave.tk/,1
https://support.medium.com/articles/technology-trends,0
https://app.bbc.com/careers,0
https://github.com/blog/2024/updates,0
https://slack.com/blog/2024/updates,0
https://harvard.edu/login,0
http://whatsapp-secure.xyz/password,1
http://cutt.ly/fuh3ewk,1
https://stackoverflow.com/search?q=example,0
http://ebay-secure.cf/verify,1
https://stackoverflow.com/careers,0
http://suspend-dropbox-t0fg-wjrn-ztak-5age.top/suspend/70s1kl?session=xlim5l6h2nlm&id=1966,1
http://micr0s0ft.top/webscr,1
http://ebay--unlock--hwyw.com/unlock.html,1
http://wellsfargo.update-h95bz.n9o2k7ppgj.ga/,1
http://dr0pb0x.gq/recovery,1
https://app.salesforce.com/support/contact,0
http://229.123.11.121/paypal/verify.php,1
http://98.53.231.177/apple/limited.php,1
http://facebook.update-nnaob.7joaibivzg.cf/,1
https://app.airbnb.com/docs/getting-started,0
http://is.gd/w29kbgb,1
http://cutt.ly/1qjfxkh,1
http://whatsapp--recovery--eh1r.com/recovery.html,1
http://ebay.unlock-uh3h7.glwy1n6o0h.ga/,1
http://amaz0n.tk/account,1
http://recovery-amazon-uu9m-n8z1-hong-wula.top/recovery/uayn3o?session=erxcen0t5g8k&id=5127,1
https://bbc.com/support/contact,0
https://support.cloudflare.com/account/settings,0
https://support.github.com/about,0
http://0q7a2i2gcnm0.info/verify/kynwn,1
https://shopify.com/login,0
https://www.harvard.edu/search?q=example,0
https://apple.com/articles/technology-trends,0
https://npr.org/blog/2024/updates,0
https://app.airbnb.com/search?q=example,0
http://whatsapp-secure.ga/suspend,1
https://app.cloudflare.com/search?q=example,0
http://116.125.129.135/outlook/confirm.php,1
https://airbnb.com/help/faq,0
https://salesforce.com/articles/technology-trends,0
http://dropbox--unlock--q9n2.com/unlock.html,1
http://outlook.signin-lnqvw.zfbyj3eung.tk/,1
https://slack.com/pricing,0
http://google--limited--v9ur.com/limited.html,1
https://support.google.com/products,0
http://whatsapp--secure--2th8.com/secure.html,1
https://app.bbc.com/products,0
http://amazon.limited-poor9.1ncdahvrs1.xyz/,1
http://app1e.ml/password,1
http://netflix--secure--nmis.com/secure.html,1
https://who.int/api/v1/users,0
https://www.slack.com/support/contact,0
https://support.dropbox.com/docs/getting-started,0
https://app.adobe.com/en/home,0
https://www.medium.com,0
https://apple.com,0
https://cnn.com/search?q=example,0
https://support.notion.so,0
https://docs.salesforce.com/api/v1/users,0
http://whatsapp-secure.click/unlock,1
http://viwq9m5srf2f.xyz/signin/6hbig,1
http://217.93.234.215/microsoft/password.php,1
https://www.wellsfargo.com/login,0
http://whatsapp.recovery-9u8xy.bgo3hjrm1w.gq/,1
http://whatsapp--account--q0zy.com/account.html,1
http://password-amazon-rfwf-wlym-8qbf-ekjv.ga/password/78m4wb?session=vy1g6znkm4eo&id=9099,1
https://docs.microsoft.com/docs/getting-started,0
http://61.24.194.93/netflix/urgent.php,1
https://support.reddit.com,0
http://150.43.160.91/google/suspend.php,1
https://docs.harvard.edu/about,0
http://dr0pb0x.click/recovery,1
https://support.reddit.com/docs/getting-started,0
https://www.harvard.edu,0
http://9tr0h535okzs.cf/confirm/bvqq5,1
http://paypal.verify-f3vx4.kcq4eo3k5h.gq/,1
https://support.adobe.com/login,0
https://app.reddit.com/en/home,0
http://dropbox--signin--ubyh.com/signin.html,1
http://paypa1.top/login,1
https://app.instagram.com/docs/getting-started,0
http://linkedin--billing--de3d.com/billing.html,1
https://support.figma.com/pricing,0
http://wellsfargo.limited-zmiws.8lvxrql7z3.ga/,1
http://billing-paypal-jj28-sy2m-nutt-1wfa.biz/billing/6zisdx?session=9da9whsbp1zu&id=7271,1
http://login-bankofamerica-9odq-qbw8-cpwg-e62h.info/login/epnux0?session=e1sjbuxv0x4s&id=1510,1
http://rb.gy/px3fa4i,1
https://harvard.edu/news/world,0
http://tinyurl.com/078bkux,1
https://docs.shopify.com/articles/technology-trends,0
https://app.shopify.com/api/v1/users,0
http://96.244.4.229/facebook/urgent.php,1
https://microsoft.com/pricing,0
http://155.40.157.236/whatsapp/secure.php,1
https://docs.paypal.com/pricing,0
http://123.95.37.81/bankofamerica/webscr.php,1
http://g00g1e.tk/recovery,1
http://cutt.ly/eoy3fw3,1
http://59.86.21.249/ebay/urgent.php,1
http://whatsapp--update--e3nm.com/update.html,1
http://amazon.billing-n19lg.uuenauv4c7.gq/,1
https://docs.twitter.com,0
http://212.230.87.152/bankofamerica/limited.php,1
http://password-wellsfargo-l6rz-oid7-148c-6wzl.click/password/h73uaa?session=nyguxql9qpr4&id=6621,1
http://account-instagram-qt0p-a0ca-bjx7-uvk1.cf/account/9zmzd1?session=iylzu7k1ogi6&id=2939,1
http://tinyurl.com/s27woc3,1
https://github.com/articles/technology-trends,0
http://ow.ly/r52oksq,1
http://verify-linkedin-kb92-9dw4-jewe-rqb5.top/verify/izn2t8?session=tvo60j8uadwh&id=2163,1
http://amazon--verify--x6q8.com/verify.html,1
http://ebay--password--jyyb.com/password.html,1
http://bankofamerica--unlock--3cbh.com/unlock.html,1
http://login-chase-4rgl-y41t-igue-8lzb.top/login/9875e7?session=8hnhlla92uhc&id=3110,1
https://support.forbes.com/blog/2024/updates,0
https://app.github.com/search?q=example,0
https://www.who.int/careers,0
https://docs.chase.com/search?q=example,0
https://docs.stackoverflow.com/support/contact,0
https://ebay.com/products,0
http://chase-secure.ga/password,1
https://docs.instagram.com/support/contact,0
https://harvard.edu/en/home,0
https://www.netflix.com/login,0
http://8mokcw033uz3.click/confirm/2jjy0,1
https://www.who.int/blog/2024/updates,0
https://www.ebay.com/careers,0
http://ywmp55r1dqa1.click/secure/kdd37,1
http://52.117.60.23/facebook/secure.php,1
https://stackoverflow.com/help/faq,0
https://docs.ebay.com/help/faq,0
http://limited-microsoft-c6g6-10g3-qwqf-6bh3.ga/limited/lzcf0t?session=u32qvlnlfqg1&id=9755,1
https://www.chase.com/api/v1/users,0
http://bank0famerica.xyz/signin,1
http://secure-wellsfargo-517v-ub56-y2nx-jeyk.top/secure/nnuwzr?session=psoy4bpe2byw&id=6890,1
https://mozilla.org/blog/2024/updates,0
http://netflix.suspend-59weu.qav3jcjudt.info/,1
http://apple--signin--x2vw.com/signin.html,1
http://apple--password--y7ha.com/password.html,1
http://wellsfargo--signin--meli.com/signin.html,1
http://bit.ly/n17rugw,1
https://www.stackoverflow.com/careers,0
https://reddit.com/careers,0
http://dr0pb0x.xyz/update,1
http://ebay-secure.tk/limited,1
http://linkedin.secure-v0efq.kkn6jep2rv.tk/,1
http://0ut100k.xyz/suspend,1
http://app1e.tk/billing,1
http://faceb00k.info/suspend,1
http://tinyurl.com/ud30l7m,1
http://cutt.ly/2h9evpx,1
http://whatsapp-secure.cf/suspend,1
http://213.166.116.24/google/password.php,1
http://rb.gy/ykgdxnm,1
https://docs.reuters.com/blog/2024/updates,0
http://tinyurl.com/w5f2mic,1
http://168.171.134.118/facebook/billing.php,1
http://login-facebook-ljdw-cjct-vfdg-0lks.biz/login/9l3xcf?session=tuxye19es4ih&id=5496,1
http://34.231.155.139/whatsapp/unlock.php,1
https://app.airbnb.com/products,0
http://246.233.181.125/dropbox/urgent.php,1
http://g00g1e.info/urgent,1
http://instagram--billing--sqkf.com/billing.html,1
http://confirm-instagram-zq98-mejg-nrlq-gi7y.xyz/confirm/r4nkao?session=nfjjk4auedi6&id=8203,1
https://support.adobe.com/products,0
http://bankofamerica.urgent-tgfzu.zwl5fvw8ou.biz/,1
http://192.87.62.155/ebay/signin.php,1
http://gk8uutrxg8wj.tk/billing/i7sx5,1
http://rb.gy/qazc2io,1
http://de4m6hy7t0dj.ga/password/mv03j,1
http://yzrnlakna636.info/webscr/qtosr,1
https://support.medium.com/careers,0
http://bit.ly/cijvzyn,1
https://docs.python.org/api/v1/users,0
http://16.175.96.25/apple/webscr.php,1
https://ebay.com/about,0
https://app.stackoverflow.com/api/v1/users,0
http://g00g1e.cf/password,1
http://verify-apple-u5hy-s3t2-o90s-1me4.xyz/verify/la5gz2?session=7fhjzzgkexmv&id=4281,1
http://chase--urgent--9ajg.com/urgent.html,1
https://docs.cnn.com/products,0
https://app.reuters.com/en/home,0
http://whatsapp.suspend-knoon.9wwkqfsbyd.gq/,1
http://170.214.1.13/linkedin/confirm.php,1
https://support.amazon.com/careers,0
https://nasa.gov/about,0
http://190.14.36.18/bankofamerica/account.php,1
http://whatsapp--billing--exbx.com/billing.html,1
http://goo.gl/1nnsm0l,1
http://instagram-secure.tk/suspend,1
https://docs.nasa.gov/pricing,0
http://netflix--signin--95z8.com/signin.html,1
https://www.mit.edu/about,0
http://ebay-secure.top/account,1
http://220.89.49.161/whatsapp/password.php,1
https://app.spotify.com/support/contact,0
https://www.netflix.com/en/home,0
https://www.adobe.com/help/faq,0
http://urgent-facebook-lc0q-ypw4-7lto-s55z.biz/urgent/w84sgo?session=hs02up1hl3uh&id=6694,1
http://amazon--update--8iz0.com/update.html,1
https://support.reddit.com/api/v1/users,0
http://whatsapp-secure.info/webscr,1
http://suspend-paypal-2tuo-m6b1-ipxq-zyil.top/suspend/vsdgzv?session=woda1klhljsl&id=8404,1
http://faceb00k.gq/billing,1
http://82.98.254.223/google/billing.php,1
https://docs.amazon.com/products,0
http://amazon.secure-hyzgi.kh303idhfh.ga/,1
http://apple--webscr--0sbo.com/webscr.html,1
https://app.medium.com/articles/technology-trends,0
http://101.57.11.12/dropbox/account.php,1
https://support.slack.com/docs/getting-started,0
http://214.94.218.172/microsoft/urgent.php,1
http://cutt.ly/nku0orl,1
http://microsoft--login--c074.com/login.html,1
https://reddit.com/help/faq,0
http://ow.ly/kxb1tjc,1
http://bank0famerica.cf/signin,1
http://d68ep89fv78f.gq/secure/qv9il,1
http://goo.gl/30n1tpf,1
https://support.medium.com/docs/getting-started,0
https://docs.twitter.com/help/faq,0
https://docs.nytimes.com/careers,0
http://113.107.143.142/whatsapp/recovery.php,1
http://paypa1.info/unlock,1
http://goo.gl/uf753re,1
http://chase--account--a28u.com/account.html,1
https://www.airbnb.com/blog/2024/updates,0
http://ebay-secure.ml/signin,1
http://netflix.secure-zkt9r.gbz4jrvmb5.cf/,1
https://www.cnn.com/docs/getting-started,0
http://63.91.81.179/paypal/signin.php,1
https://wikipedia.org/login,0
http://amazon--billing--w31g.com/billing.html,1
http://wellsfargo--secure--i8qa.com/secure.html,1
https://app.ebay.com/en/home,0
https://github.com/news/world,0
https://support.medium.com/about,0
http://1njglnr20qd5.info/limited/xhu81,1
https://www.figma.com/news/world,0
http://urgent-whatsapp-lsbt-klzm-eje1-p3zg.info/urgent/iagyyb?session=hacipfrjaag8&id=6544,1
http://75.113.50.162/amazon/update.php,1
http://confirm-outlook-rom3-zaql-06g9-e6sv.ml/confirm/6q8q2y?session=4pv33b4hqeyo&id=4767,1
https://app.dropbox.com/careers,0
http://goo.gl/k5fi11z,1
https://www.figma.com/support/contact,0
https://docs.who.int/en/home,0
http://1inkedin.click/limited,1
http://limited-microsoft-x4o2-0oi8-p0iq-svuh.ml/limited/006j5m?session=l3akh0q94gic&id=8068,1
http://179.100.174.237/bankofamerica/unlock.php,1
https://app.nytimes.com/products,0
https://support.amazon.com/en/home,0
https://www.nytimes.com/account/settings,0
http://dr0pb0x.cf/verify,1
http://ow.ly/eevv1rb,1
https://support.google.com/api/v1/users,0
http://185.9.115.35/amazon/suspend.php,1
https://www.npr.org/support/contact,0
https://medium.com/news/world,0
http://ebay--urgent--rjjm.com/urgent.html,1
http://chase.urgent-hgjsq.yqdrfjbgh3.ga/,1
http://ow.ly/dg6ik4k,1
http://bit.ly/glcsxu1,1
https://app.notion.so/products,0
https://app.medium.com/pricing,0
http://g00g1e.ml/update,1
http://app1e.gq/verify,1
https://apple.com/login,0
https://docs.python.org/about,0
https://app.linkedin.com/docs/getting-started,0
https://docs.bbc.com/account/settings,0
https://support.linkedin.com/api/v1/users,0
http://248.92.123.164/ebay/login.php,1
https://support.netflix.com/news/world,0
https://app.stackoverflow.com/products,0
https://app.cloudflare.com/products,0
http://ebay.suspend-2nogf.klorgapt1y.top/,1
http://secure-whatsapp-2hgk-iib2-5x1b-7x8g.top/secure/4cr191?session=eefqw4z6pihb&id=3654,1
http://is.gd/7xy5k74,1
https://app.reuters.com/docs/getting-started,0
https://app.figma.com/about,0
http://wellsfargo--signin--yw3q.com/signin.html,1
http://faceb00k.ml/confirm,1
https://support.salesforce.com/api/v1/users,0
http://128.49.12.55/chase/update.php,1
http://amazon--recovery--45uq.com/recovery.html,1
http://bankofamerica.verify-gb41b.bo1epmkvte.biz/,1
http://signin-bankofamerica-muoh-uogp-0myo-e45d.top/signin/jn3lyx?session=i3mwrmvicdri&id=2820,1
https://support.reuters.com/products,0
http://11.78.72.146/chase/login.php,1
http://34uzykdx1mrg.ml/recovery/exvbp,1
https://docs.nasa.gov/news/world,0
https://support.slack.com/about,0
http://t.co/ndg7f4s,1
http://outlook--signin--lzx3.com/signin.html,1
http://wzza46jzoon4.cf/account/7933v,1
http://206.60.214.243/paypal/recovery.php,1
https://www.amazon.com/api/v1/users,0
https://ebay.com/help/faq,0
http://signin-linkedin-bs95-py8i-yhgz-nnhs.ga/signin/kz90wn?session=0ruxgu688zoz&id=9107,1
https://app.google.com/products,0
http://microsoft.account-4b2pm.3j41bhkj25.gq/,1
http://facebook.billing-5wu0m.yhfl67hknh.cf/,1
https://www.airbnb.com/support/contact,0
https://support.who.int/news/world,0
http://linkedin--webscr--2qcd.com/webscr.html,1
https://app.forbes.com/search?q=example,0
http://0ut100k.biz/billing,1
http://0q8h8b24dszc.xyz/verify/z621h,1
https://www.dropbox.com/search?q=example,0
http://19.208.111.152/apple/password.php,1
http://51.172.206.224/paypal/confirm.php,1
https://app.cnn.com/docs/getting-started,0
http://oeuk6vr36euc.top/urgent/g7um9,1
http://129.127.44.142/wellsfargo/suspend.php,1
https://www.harvard.edu/docs/getting-started,0
http://chase.unlock-esslb.xhdgx2bd6x.click/,1
https://netflix.com/pricing,0
https://www.instagram.com/account/settings,0
http://verify-ebay-iuj0-2h77-p45r-u4of.gq/verify/sfw9pn?session=ee5dnan3ym5g&id=6577,1
https://app.reuters.com/about,0
http://rb.gy/80x1fqi,1
https://support.forbes.com/search?q=example,0
https://docs.harvard.edu/pricing,0
http://netflix--suspend--aoqt.com/suspend.html,1
http://1inkedin.ga/confirm,1
https://mit.edu/articles/technology-trends,0
http://r5dh5mkb70vj.cf/account/232i1,1
https://docs.un.org/blog/2024/updates,0
http://g00g1e.gq/login,1
https://app.reuters.com/support/contact,0
http://netf1ix.click/limited,1
http://signin-bankofamerica-2310-x5ur-ybl2-oqew.ml/signin/s668fr?session=oghexc8mvmvq&id=5959,1
https://app.mozilla.org/en/home,0
http://18wp7c2k7ole.xyz/urgent/i6wd1,1
http://instagram-secure.info/billing,1
https://app.linkedin.com/account/settings,0
https://app.python.org/products,0
https://stackoverflow.com/articles/technology-trends,0
http://goo.gl/7pdzuib,1
http://account-apple-kj3f-fonj-k677-v2iv.gq/account/x1cypn?session=ej5gajt9f5g3&id=6139,1
https://app.notion.so/docs/getting-started,0
https://www.mit.edu/docs/getting-started,0
https://www.github.com/news/world,0
https://docs.shopify.com/support/contact,0
http://netf1ix.top/unlock,1
https://un.org/support/contact,0
https://support.ebay.com/pricing,0
https://docs.un.org/careers,0
https://www.adobe.com/pricing,0
https://reddit.com/login,0
http://49.217.34.119/ebay/urgent.php,1
http://l25u3p1zcyuz.biz/verify/87c7g,1
https://app.spotify.com/pricing,0
https://support.stackoverflow.com/careers,0
https://www.wellsfargo.com/support/contact,0
https://docs.instagram.com,0
https://support.microsoft.com/products,0
https://support.linkedin.com/en/home,0
https://www.nytimes.com/careers,0
https://app.un.org/careers,0
http://is.gd/432wt59,1
https://github.com/en/home,0
https://docs.cloudflare.com/login,0
https://docs.netflix.com/en/home,0
http://151.198.235.235/microsoft/confirm.php,1
http://limited-google-atfd-yaf7-p0q5-kn93.xyz/limited/b8k4z7?session=f3llw43uqx9r&id=8927,1
https://docs.nytimes.com/blog/2024/updates,0
https://support.google.com/support/contact,0
https://support.airbnb.com/search?q=example,0
http://lo0tk7eofdls.info/account/41kpb,1
http://bit.ly/oqzqa7o,1
http://whatsapp.limited-hmw53.yaevotnojr.biz/,1
https://www.shopify.com/search?q=example,0
http://t.co/tjaqx67,1
http://is.gd/eybgflr,1
http://outlook.confirm-zbhlu.e2kc6q0s7w.top/,1
https://app.paypal.com/products,0
https://docs.google.com/articles/technology-trends,0
https://chase.com/blog/2024/updates,0
https://app.ebay.com/help/faq,0
http://88s2xem3ffzl.gq/password/egkrh,1
https://app.reuters.com/search?q=example,0
https://www.python.org/products,0
http://jtm9f2pu8q97.gq/recovery/bieux,1
http://rb.gy/82rtki5,1
https://support.instagram.com/account/settings,0
http://linkedin--confirm--dge4.com/confirm.html,1
http://233.78.202.63/google/suspend.php,1
http://webscr-ebay-vjqe-qhy9-zaem-q539.biz/webscr/r60mrd?session=15g41yuhilhx&id=1892,1
https://docs.mozilla.org/pricing,0
http://microsoft--billing--ud1z.com/billing.html,1
https://www.paypal.com/products,0
https://apple.com/en/home,0
https://app.cnn.com/products,0
http://152.49.192.65/amazon/signin.php,1
http://ebay--urgent--s0ja.com/urgent.html,1
http://amazon--billing--vkp3.com/billing.html,1
https://support.linkedin.com/help/faq,0
http://webscr-linkedin-vd2r-xgdy-1msm-zlr7.biz/webscr/571gdp?session=hohdcrpe8gro&id=7628,1
http://3cysykwxsclz.cf/verify/xv8ls,1
http://signin-ebay-plcl-5ftw-0a9p-mh7g.biz/signin/x86o3n?session=rdmhj45lkcdx&id=5670,1
https://app.bbc.com/en/home,0
http://pxpmfb0bavme.cf/limited/gkkc0,1
https://docs.airbnb.com/search?q=example,0
https://support.python.org/en/home,0
http://account-dropbox-zxi9-clqk-65v3-ifu7.top/account/jqhuci?session=5rx1sqq7u1ku&id=9049,1
http://a0r0l93imlys.info/verify/5ctt5,1
https://www.medium.com/articles/technology-trends,0
http://dr0pb0x.tk/login,1
https://python.org/en/home,0
https://support.cloudflare.com/en/home,0
http://chase-secure.cf/recovery,1
https://support.airbnb.com/en/home,0
https://app.amazon.com/login,0
http://71.104.21.77/google/verify.php,1
https://docs.forbes.com/search?q=example,0
https://dropbox.com/pricing,0
https://netflix.com/products,0
https://support.reuters.com/careers,0
http://jzs6cg1rsdp2.cf/login/qgz48,1
http://x8mms2lell6h.top/limited/c1r9q,1
http://tinyurl.com/1lq5xvt,1
https://docs.airbnb.com/docs/getting-started,0
https://docs.salesforce.com/pricing,0
https://app.figma.com/products,0
http://whatsapp-secure.click/limited,1
http://secure-ebay-bajq-t4hs-0l5p-bhr5.ml/secure/x41q4h?session=x6bqkdju3iwk&id=1866,1
http://225.31.38.28/apple/suspend.php,1
http://suspend-instagram-5g7w-s9rg-dkuy-lw89.biz/suspend/z4iqa6?session=jijyrdxp03l2&id=6799,1
http://wellsfargo.password-v8a43.7f7fp4e8td.info/,1
https://app.npr.org/search?q=example,0
https://paypal.com/login,0
http://232.62.169.209/instagram/login.php,1
http://rb.gy/hr7bj0o,1
http://outlook--limited--dhyx.com/limited.html,1
https://www.reddit.com/api/v1/users,0
http://linkedin.login-14d61.mfdy07toov.tk/,1
https://support.harvard.edu/account/settings,0
http://1inkedin.click/recovery,1
http://176.60.54.13/linkedin/billing.php,1
http://chase--unlock--i8rz.com/unlock.html,1
https://support.adobe.com/account/settings,0
http://outlook.unlock-8nfvd.3aeyv7cs1r.info/,1
https://app.reuters.com/api/v1/users,0
https://app.reddit.com/blog/2024/updates,0
https://www.harvard.edu/api/v1/users,0
http://secure-netflix-1qw6-5xdy-1pp4-cxbj.gq/secure/3jqpka?session=hfyzf7m1k1qt&id=9202,1
http://whatsapp-secure.tk/signin,1
https://nytimes.com/news/world,0
http://microsoft.webscr-wr61r.nivp8h4nou.tk/,1
http://micr0s0ft.info/confirm,1
http://goo.gl/kh2w76o,1
http://we11sfarg0.ml/webscr,1
https://www.chase.com/about,0
http://suspend-dropbox-bk6k-t7mi-ivdf-tjw3.top/suspend/k3ajml?session=ttflpn1fpj9x&id=1081,1
http://n3q82hr6vvlq.xyz/password/593gv,1
http://209.195.218.35/paypal/webscr.php,1
http://yoxzcjjpq1tn.gq/update/0a00y,1
http://bit.ly/ugwak04,1
http://ebay-secure.ml/verify,1
http://bvp5z11c7ghi.top/unlock/bcmd7,1
https://docs.spotify.com/products,0
http://249.136.245.71/instagram/confirm.php,1
http://we11sfarg0.cf/password,1
https://support.amazon.com/account/settings,0
http://159.81.127.230/whatsapp/confirm.php,1
https://docs.mit.edu/pricing,0
http://app1e.top/account,1
http://dfr9ue2lqrq5.ga/signin/oljdo,1
http://secure-ebay-0gai-b62e-6l3r-y8dq.biz/secure/h75l2s?session=kcsv1hjem45p&id=1093,1
https://www.instagram.com/help/faq,0
https://paypal.com/pricing,0
https://reddit.com/api/v1/users,0
https://app.chase.com,0
http://whatsapp.password-q0f5v.zu2iu1ulak.ga/,1
http://ii6322juf0yo.top/password/v8c2r,1
http://faceb00k.xyz/verify,1
http://google--confirm--5bp1.com/confirm.html,1
http://84.43.242.190/netflix/webscr.php,1
http://bankofamerica.billing-opqmc.pis3lxdx8p.cf/,1
http://60.115.95.123/dropbox/billing.php,1
https://dropbox.com/en/home,0
http://15.216.41.170/microsoft/signin.php,1
https://support.bbc.com/careers,0
http://dr0pb0x.info/billing,1
http://confirm-whatsapp-rzyg-301j-bs3h-yatc.biz/confirm/2cwi33?session=rakw66nw7y6e&id=3858,1
http://account-paypal-ql94-5p7m-ym7e-zrpj.ml/account/jzsk7t?session=0tkbp0ix71ng&id=6072,1
https://amazon.com/login,0
https://docs.nytimes.com/support/contact,0
http://is.gd/yl1jsty,1
http://bankofamerica--billing--4l5g.com/billing.html,1
https://docs.github.com/about,0
http://linkedin--update--fjnt.com/update.html,1
https://docs.mozilla.org,0
https://docs.notion.so/pricing,0
http://bank0famerica.ml/urgent,1
http://41.53.145.47/outlook/signin.php,1
https://support.spotify.com/account/settings,0
http://dropbox--login--vjno.com/login.html,1
https://linkedin.com/pricing,0
http://chase.webscr-lyuqy.3lkbxsjjhy.cf/,1
http://update-chase-6f0b-upk4-fxby-96mk.click/update/xpl4mu?session=isebn33p2pl3&id=9195,1
http://update-apple-yafj-41fe-qoxf-cyz7.gq/update/dl52am?session=7smc67okcxpa&id=3579,1
https://docs.stackoverflow.com/search?q=example,0
http://110.115.218.82/chase/billing.php,1
http://dr0pb0x.cf/urgent,1
https://docs.notion.so/en/home,0
http://tinyurl.com/5vluda2,1
http://chase--password--0xfw.com/password.html,1
http://kctqd4kdsbs5.ml/account/i6erq,1
http://password-wellsfargo-3nvi-k74a-u0lj-4eat.cf/password/mg83vg?session=d3kew9owamrs&id=7982,1
http://213.206.107.186/whatsapp/verify.php,1
https://support.python.org/login,0
http://is.gd/wt29fn2,1
https://www.un.org/docs/getting-started,0
http://91.64.208.174/whatsapp/limited.php,1
http://m20ap4vs6kfr.xyz/verify/0xpj7,1
http://is.gd/zf9u5dz,1
http://t.co/aa7h7ay,1
http://q8lyyxe7qyo7.top/recovery/ww54a,1
https://www.shopify.com/support/contact,0
https://app.mit.edu/about,0
http://31z4pqxv4ztc.cf/password/6g01r,1
http://0ut100k.tk/suspend,1
http://t.co/gq4ys1f,1
https://docs.netflix.com/pricing,0
http://w78aqpsfzve9.ga/signin/4uwnr,1
http://amaz0n.biz/suspend,1
http://we11sfarg0.click/login,1
http://bit.ly/x9m109m,1
http://billing-whatsapp-h6km-ycga-5hjz-gw9o.info/billing/9lf51q?session=8qz4mu2qijnn&id=3502,1
http://netflix.login-8j165.2ryee3585y.ga/,1
http://recovery-microsoft-n2kh-qopd-9bdo-4cco.cf/recovery/ji6uuy?session=zb6s5b09ecmc&id=4421,1
https://www.cnn.com/en/home,0
https://docs.forbes.com/support/contact,0
http://rze84lmqyahp.top/login/2pcm3,1
http://218.215.53.36/linkedin/password.php,1
http://app1e.xyz/confirm,1
https://app.twitter.com/support/contact,0
http://outlook.unlock-wevhx.soyh5khogs.ml/,1
https://www.chase.com/login,0
http://125.198.175.74/bankofamerica/billing.php,1
http://faceb00k.info/verify,1
http://bit.ly/97hq4tm,1
https://app.python.org/support/contact,0
http://penxxjuhauav.cf/confirm/3uo9e,1
http://webscr-netflix-1ys1-sgfg-fb0g-58g2.info/webscr/cs0no3?session=9yhm4hw30zax&id=4668,1
https://support.reddit.com/support/contact,0
http://is.gd/dss7e6m,1
http://wellsfargo--suspend--mzwg.com/suspend.html,1
http://bankofamerica--unlock--72pm.com/unlock.html,1
http://g00g1e.info/verify,1
https://app.stackoverflow.com/articles/technology-trends,0
https://support.twitter.com/about,0
http://verify-google-rx7q-gr7t-zbeg-psqp.info/verify/7l57aj?session=bu90va4mlgt1&id=5115,1
https://who.int/pricing,0
http://2gqzje7leiuz.click/webscr/c98rp,1
https://wikipedia.org/api/v1/users,0
https://harvard.edu/support/contact,0
http://linkedin--urgent--ppu1.com/urgent.html,1
http://outlook.account-xrdc1.6ltih9o6uq.gq/,1
http://3ehib4wtxi27.xyz/signin/ltbho,1
http://cutt.ly/y5j5o12,1
http://unlock-bankofamerica-u7j7-rpob-14rv-6t5z.tk/unlock/tqgj9o?session=op3jg86x0z0v&id=5900,1
https://support.chase.com/login,0
https://app.apple.com/products,0
https://www.forbes.com/support/contact,0
https://docs.paypal.com/blog/2024/updates,0
http://hqcetaghnmlw.tk/password/fjrww,1
http://amazon.urgent-11q5b.mbb1lw87w2.cf/,1
http://google--verify--66c8.com/verify.html,1
http://cutt.ly/srph0q5,1
https://who.int/about,0
https://amazon.com,0
https://notion.so/articles/technology-trends,0
https://www.npr.org/search?q=example,0
http://rb.gy/rfxvlhz,1
https://support.harvard.edu/products,0
https://chase.com,0
http://unlock-paypal-bz19-de8y-24qc-p46r.ga/unlock/nmstxo?session=baz53ykvuank&id=6700,1
https://who.int/help/faq,0
https://support.un.org/account/settings,0
https://paypal.com,0
http://instagram--password--516z.com/password.html,1
https://chase.com/login,0
http://netflix--confirm--9aae.com/confirm.html,1
http://174.64.213.139/bankofamerica/limited.php,1
http://paypal--update--jpk6.com/update.html,1
https://nasa.gov/blog/2024/updates,0
http://0ut100k.tk/webscr,1
http://rb.gy/b0kxqm6,1
https://app.nytimes.com/articles/technology-trends,0
https://app.dropbox.com/articles/technology-trends,0
http://wellsfargo--secure--lkoc.com/secure.html,1
http://linkedin.update-c9c4d.r6ouxdxtky.top/,1
http://whatsapp.urgent-egabd.yu3zk549sp.tk/,1
https://support.python.org,0
https://docs.slack.com/search?q=example,0
http://goo.gl/0caxvxv,1
https://support.shopify.com/login,0
https://www.apple.com/products,0
https://support.amazon.com/about,0
http://password-linkedin-fjda-4lci-sxwf-cktv.ml/password/cfcamk?session=z5grs7esie3q&id=3578,1
http://ebay.billing-x348k.ac195odsxf.xyz/,1
https://app.shopify.com/blog/2024/updates,0
https://harvard.edu/products,0
http://tinyurl.com/v3cg7tb,1
https://docs.microsoft.com/pricing,0
https://app.forbes.com/en/home,0
https://docs.figma.com/login,0
http://219.206.65.100/apple/recovery.php,1
http://update-amazon-ujbu-00t2-rjmg-ilbr.biz/update/ooobwf?session=4i64xly54ikm&id=4707,1
http://rb.gy/yycryvx,1
https://support.reddit.com/news/world,0
https://docs.adobe.com/pricing,0
http://chase-secure.gq/urgent,1
http://signin-ebay-0pp9-k4ye-vn11-v8pl.ml/signin/5h3u9g?session=2ltzegyu5dfn&id=3276,1
https://app.apple.com,0
http://cmg5mgcy57qd.xyz/update/oean5,1
http://g00g1e.biz/webscr,1
https://app.cloudflare.com/api/v1/users,0
http://netflix.suspend-ocn7x.j4wco5oeqx.top/,1
https://twitter.com,0
https://www.reddit.com/articles/technology-trends,0
https://paypal.com/articles/technology-trends,0
http://secure-amazon-9zyy-4wt7-u7fn-krj1.info/secure/25qh91?session=wlbx3w1n9myx&id=3932,1
http://microsoft--limited--f9s9.com/limited.html,1
http://apple--secure--om2p.com/secure.html,1
https://www.medium.com/support/contact,0
http://152.128.24.156/facebook/unlock.php,1
http://cutt.ly/jaobo1y,1
https://app.un.org/search?q=example,0
http://chase--update--5s99.com/update.html,1
https://support.chase.com/help/faq,0
https://app.instagram.com/en/home,0
http://rb.gy/2r5mubj,1
http://whatsapp--login--q0lk.com/login.html,1
https://support.apple.com/en/home,0
https://paypal.com/help/faq,0
https://nytimes.com/pricing,0
http://paypal.webscr-5l8nw.aauytbxelm.ml/,1
http://8mqeeb6bznc9.gq/limited/884jx,1
http://210.237.235.152/dropbox/suspend.php,1
https://amazon.com/careers,0
http://ebay.login-xu7cc.hrdcwj28eb.tk/,1
https://netflix.com/blog/2024/updates,0
http://goo.gl/ntexu24,1
http://23.250.119.51/chase/limited.php,1
https://www.instagram.com/search?q=example,0
https://amazon.com/docs/getting-started,0
https://www.bbc.com,0
https://support.mozilla.org,0
http://is.gd/q4kko77,1
http://171.253.211.241/google/confirm.php,1
https://un.org/careers,0
http://signin-bankofamerica-vu57-923t-itkq-o4xs.tk/signin/jws3kk?session=8slljkphcui2&id=5266,1
https://mozilla.org/search?q=example,0
https://docs.adobe.com/login,0
http://instagram.suspend-txooe.hf1vbiaccj.cf/,1
https://app.spotify.com/api/v1/users,0
http://170.184.66.76/facebook/secure.php,1
http://tinyurl.com/mygr827,1
http://google--secure--2jru.com/secure.html,1
https://www.bbc.com/support/contact,0
https://app.netflix.com/api/v1/users,0
https://www.slack.com/careers,0
http://kn0gon40avlp.tk/confirm/qu96g,1
http://bank0famerica.ml/limited,1
http://rb.gy/33wzg8o,1
https://app.bbc.com/api/v1/users,0
https://app.netflix.com/about,0
https://nytimes.com,0
http://instagram.login-tex2w.pdhbxz52x1.xyz/,1
https://instagram.com/api/v1/users,0
http://micr0s0ft.click/suspend,1
http://36.120.151.83/netflix/password.php,1
https://dropbox.com/products,0
http://chase-secure.ga/account,1
https://app.harvard.edu/pricing,0
https://docs.who.int/account/settings,0
http://53.147.164.157/facebook/password.php,1
http://0rh735x7codr.top/signin/82uaz,1
http://xm091zpkyyoq.ml/webscr/1p7rs,1
http://x1b8igo3hh9s.ga/verify/wt219,1
http://is.gd/ohqf1hw,1
https://app.apple.com/about,0
https://app.instagram.com/news/world,0
https://docs.cloudflare.com,0
https://docs.spotify.com/articles/technology-trends,0
http://xztfiiamhbmb.cf/account/4jp18,1
http://app1e.click/unlock,1
http://unlock-amazon-tvjf-g9kn-5pfj-z47o.tk/unlock/5q0tvj?session=cu0arn9585up&id=6272,1
https://support.harvard.edu/about,0
http://amazon--billing--w940.com/billing.html,1
https://www.netflix.com/pricing,0
http://m8gvzkqful8v.click/recovery/lvykk,1
https://docs.twitter.com/api/v1/users,0
http://g1eyiak7hkm2.ml/limited/c15k7,1
http://verify-facebook-9re0-1uum-md55-cr0h.ml/verify/2kuypb?session=sba3sizc87cv&id=1266,1
https://paypal.com/account/settings,0
http://confirm-wellsfargo-86gd-w05r-fni7-ot9n.ml/confirm/xjcp23?session=hb5crrytfdry&id=9115,1
http://billing-paypal-pdv1-a14s-s5f1-pj6l.cf/billing/rhqp1m?session=4g6lmjohizcr&id=4148,1
https://app.chase.com/articles/technology-trends,0
https://www.mit.edu/news/world,0
http://apple--limited--l5zt.com/limited.html,1
http://tinyurl.com/403ouo2,1
http://amaz0n.xyz/account,1
http://facebook.recovery-pyv45.bbgv0h9i7a.gq/,1
https://twitter.com/news/world,0
http://f26b46jmv47t.xyz/limited/jg7in,1
http://89eejhaperlh.click/account/vh683,1
http://instagram--webscr--5a16.com/webscr.html,1
http://instagram-secure.cf/suspend,1
https://app.github.com,0
http://a8ag47z459im.ml/login/lw2ar,1
https://www.reuters.com/docs/getting-started,0
http://is.gd/p410h9t,1
https://support.un.org/careers,0
http://dr0pb0x.biz/limited,1
http://dropbox.urgent-s3k1s.c9y7dms2zt.biz/,1
http://login-outlook-bmms-loql-v9pl-mblq.ml/login/biyhvn?session=t3pxxk71ehji&id=4107,1
http://faceb00k.info/secure,1
http://g00g1e.top/urgent,1
http://rb.gy/1d3sch5,1
http://13.163.39.188/google/signin.php,1
http://66.165.60.117/amazon/limited.php,1
https://www.netflix.com/articles/technology-trends,0
http://8.229.214.209/microsoft/webscr.php,1
https://app.shopify.com/about,0
http://bankofamerica.confirm-nkgfk.kmwzg38f3a.tk/,1
http://facebook.urgent-j4g82.mmx390xtnz.gq/,1
https://support.dropbox.com/account/settings,0
http://37662wnx6wlp.info/suspend/zdcmb,1
https://docs.who.int/careers,0
https://docs.nasa.gov/products,0
https://docs.forbes.com/docs/getting-started,0
http://google.verify-mp1lp.l9np6f13tk.gq/,1
http://unlock-google-oijd-qfrr-5rni-7he0.xyz/unlock/maiaic?session=ndrjoii25wig&id=4992,1
http://0ut100k.gq/verify,1
https://app.chase.com/api/v1/users,0
http://69.169.65.201/wellsfargo/confirm.php,1
https://www.linkedin.com/articles/technology-trends,0
https://app.forbes.com/about,0
http://instagram--secure--hfyv.com/secure.html,1
http://linkedin.verify-8n21l.1okr797v2k.biz/,1
https://support.slack.com/pricing,0
http://webscr-microsoft-0kmp-llb5-hvfg-zy0y.click/webscr/ivlgtw?session=l1q5flqzmowf&id=6565,1
https://docs.forbes.com/careers,0
https://who.int/products,0
http://mheajh7gpng4.tk/suspend/62zdh,1
https://docs.linkedin.com/news/world,0
https://support.npr.org/api/v1/users,0
http://signin-facebook-l7zy-qxq1-xxpu-8wei.xyz/signin/p8ig64?session=8ugow9o3rd32&id=9145,1
https://www.stackoverflow.com/docs/getting-started,0
http://google.limited-nxrl1.hfx92f9ruk.info/,1
http://amazon.verify-982ul.yz2oiasv3v.ml/,1
https://support.forbes.com/products,0
http://is.gd/34kgy97,1
http://whatsapp.suspend-4sjp7.511k5dwgeu.click/,1
https://docs.google.com/account/settings,0
https://support.wikipedia.org/careers,0
http://t.co/fvphfq8,1
http://netf1ix.info/billing,1
https://docs.un.org/pricing,0
http://p2yazqtfptnk.click/webscr/u0crf,1
https://www.forbes.com/careers,0
http://is.gd/goobuoe,1
http://7d6xb1c6u85s.biz/recovery/veef9,1
http://69.244.217.39/paypal/suspend.php,1
http://account-bankofamerica-4m8j-cim0-9q9w-x2h1.ml/account/4076bk?session=riscdmz586ek&id=8172,1
https://shopify.com/careers,0
http://36.229.103.32/chase/account.php,1
http://instagram-secure.ml/signin,1
http://qdyx8o82j4jv.info/limited/eljuc,1
https://medium.com/blog/2024/updates,0
http://outlook--suspend--3alx.com/suspend.html,1
http://signin-amazon-p4wy-j9da-k645-ke5u.cf/signin/vrd6o9?session=yzpf322f52uh&id=9148,1
http://instagram--limited--fyqo.com/limited.html,1
https://dropbox.com,0
https://docs.netflix.com/careers,0
https://docs.amazon.com/search?q=example,0
http://billing-linkedin-j4by-1ft8-j9lq-y3t3.gq/billing/y94evi?session=4mjmaa6x5z0z&id=7113,1
http://m10n229bxiit.tk/confirm/5wvo0,1
http://microsoft--limited--58lg.com/limited.html,1
https://docs.apple.com/about,0
https://docs.microsoft.com/api/v1/users,0
https://docs.npr.org/products,0
https://app.nytimes.com/support/contact,0
http://ep5gvbshzxgu.ga/signin/bf343,1
http://chase--limited--9sup.com/limited.html,1
https://support.stackoverflow.com/pricing,0
https://app.airbnb.com/pricing,0
https://shopify.com/blog/2024/updates,0
http://is.gd/xw72kcy,1
https://github.com/support/contact,0
https://spotify.com/api/v1/users,0
https://www.shopify.com/products,0
https://support.reddit.com/search?q=example,0
http://netf1ix.ml/recovery,1
http://microsoft--signin--iph6.com/signin.html,1
http://goo.gl/6f0vd0q,1
https://support.wikipedia.org,0
http://t.co/2mr4yrk,1
http://g00g1e.tk/signin,1
https://docs.figma.com/careers,0
http://0ut100k.biz/login,1
https://docs.npr.org/search?q=example,0
https://docs.wellsfargo.com/blog/2024/updates,0
https://docs.adobe.com,0
https://docs.mozilla.org/about,0
https://support.forbes.com/account/settings,0
https://reuters.com,0
https://docs.salesforce.com/news/world,0
http://microsoft.update-wol1a.031l36192y.biz/,1
https://app.forbes.com/docs/getting-started,0
https://www.dropbox.com/products,0
http://2o5zfw14gysm.ga/unlock/76ci5,1
https://docs.un.org/help/faq,0
http://ebay.secure-zi7bl.057xd6ket6.cf/,1
http://update-netflix-q2pf-i0ey-8xa4-edw9.tk/update/fhxal3?session=gful1fcxo2di&id=4270,1
http://rb.gy/c2fwlp8,1
http://t.co/7xb2zv3,1
http://0v1gkq6ew09u.click/password/bdl2i,1
https://app.shopify.com/pricing,0
https://cnn.com/login,0
https://www.instagram.com/api/v1/users,0
https://nytimes.com/careers,0
https://docs.mit.edu/careers,0
https://support.reddit.com/blog/2024/updates,0
https://app.nasa.gov/docs/getting-started,0
https://wellsfargo.com/careers,0
http://i42ktv4jpd8r.info/secure/hbcg8,1
https://figma.com/products,0
https://docs.un.org/support/contact,0
http://bank0famerica.tk/billing,1
http://6.192.168.68/wellsfargo/login.php,1
http://paypal--unlock--qg8f.com/unlock.html,1
https://app.github.com/docs/getting-started,0
https://app.paypal.com/support/contact,0
https://www.reuters.com/support/contact,0
http://dropbox.urgent-pdri6.xu1pcm8sju.biz/,1
https://docs.un.org/docs/getting-started,0
https://app.nasa.gov/api/v1/users,0
https://app.netflix.com/login,0
http://ebay.urgent-5x3cv.aofja5nv0t.ml/,1
http://28.191.239.224/dropbox/billing.php,1
http://suspend-microsoft-ynu2-95wl-d4ai-bqk1.ga/suspend/ae5gif?session=jtemp1z383zc&id=9572,1
https://docs.amazon.com/careers,0
http://outlook--webscr--q5qx.com/webscr.html,1
https://www.shopify.com/docs/getting-started,0
http://is.gd/kjs7nx7,1
http://instagram--limited--1a7g.com/limited.html,1
https://chase.com/account/settings,0
http://google--urgent--oecj.com/urgent.html,1
http://bank0famerica.ga/urgent,1
https://app.cloudflare.com/login,0
https://docs.chase.com/pricing,0
http://limited-wellsfargo-54v1-vxvu-pxzy-dwvg.tk/limited/3zibh7?session=rpx2460maubx&id=1749,1
http://paypal.unlock-bogxp.f4yt0rs676.info/,1
https://reuters.com/docs/getting-started,0
https://app.harvard.edu/careers,0
http://135.27.176.115/linkedin/verify.php,1
http://goo.gl/anx3fpt,1
https://app.google.com/en/home,0
http://dr0pb0x.info/signin,1
https://www.adobe.com/search?q=example,0
http://244.31.109.242/wellsfargo/password.php,1
https://www.chase.com/docs/getting-started,0
https://www.apple.com/search?q=example,0
https://docs.airbnb.com/products,0
https://app.salesforce.com/articles/technology-trends,0
http://netf1ix.xyz/limited,1
https://docs.reddit.com/search?q=example,0
http://skqpzphjmbpt.click/account/5911c,1
http://outlook--account--1vsb.com/account.html,1
http://108.33.155.186/bankofamerica/webscr.php,1
https://app.airbnb.com/account/settings,0
https://netflix.com/login,0
http://whatsapp-secure.ml/secure,1
http://dr0pb0x.gq/login,1
https://support.ebay.com/api/v1/users,0
http://urgent-whatsapp-tpku-eklv-3ja4-1vbl.gq/urgent/ekaw4a?session=5p4hcbso76kj&id=2538,1
https://support.wikipedia.org/account/settings,0
http://11.61.179.89/ebay/webscr.php,1
https://docs.python.org,0
https://ebay.com/login,0
http://netflix.recovery-qwp7a.uokzs06sn1.gq/,1
https://support.twitter.com/news/world,0
https://salesforce.com/account/settings,0
http://goo.gl/fklowuk,1
http://paypal--recovery--7omx.com/recovery.html,1
https://wellsfargo.com/about,0
https://google.com/careers,0
https://www.apple.com/account/settings,0
https://slack.com,0
https://spotify.com/about,0
https://harvard.edu/search?q=example,0
http://239.212.97.85/microsoft/update.php,1
https://docs.cloudflare.com/articles/technology-trends,0
http://176.130.221.113/apple/update.php,1
https://www.linkedin.com/docs/getting-started,0
https://support.shopify.com/api/v1/users,0
http://linkedin--confirm--usl6.com/confirm.html,1
http://confirm-paypal-yyug-5gnv-56vk-tx1m.click/confirm/e8nsqd?session=tzofgvre741n&id=6690,1
http://160.124.243.238/chase/update.php,1
https://www.wikipedia.org/account/settings,0
http://limited-outlook-i575-5los-mahb-3hn0.top/limited/cvw9na?session=msqett69uahv&id=6592,1
http://faceb00k.biz/limited,1
http://55.213.29.151/instagram/verify.php,1
http://29.23.88.190/instagram/verify.php,1
http://9alm1kgkew7h.info/secure/5axg1,1
https://www.salesforce.com/pricing,0
https://docs.apple.com/careers,0
https://support.bbc.com/about,0
http://apple--recovery--pkzu.com/recovery.html,1
http://93k2h48ppnkf.ml/account/1bkuy,1
https://docs.harvard.edu/support/contact,0
http://bit.ly/xyecd05,1
http://amazon.billing-04inj.ykb5faalfs.gq/,1
http://webscr-apple-zqfz-61ii-49m5-zm97.cf/webscr/per1uf?session=h01xwmuwbtkw&id=8245,1
http://verify-google-3g3t-34oo-jqxz-lvu3.click/verify/be4hw4?session=3kswi6gzgu9e&id=5949,1
http://bqejbj4d1hxk.click/secure/o95rd,1
https://app.reddit.com/search?q=example,0
http://136.15.157.166/microsoft/signin.php,1
https://www.mozilla.org/api/v1/users,0
http://103.91.172.102/wellsfargo/billing.php,1
https://reuters.com/products,0
https://app.cnn.com/articles/technology-trends,0
http://ow.ly/g9kjk0h,1
http://bankofamerica--verify--g7ec.com/verify.html,1
https://support.wikipedia.org/api/v1/users,0
https://support.paypal.com/support/contact,0
http://chase-secure.cf/urgent,1
http://bit.ly/e5wd1f2,1
https://nasa.gov,0
https://dropbox.com/support/contact,0
http://161.79.81.148/dropbox/secure.php,1
http://jrbvy8kylhtu.tk/verify/r0f5p,1
http://outlook--urgent--98ju.com/urgent.html,1
https://docs.github.com/products,0
https://www.microsoft.com/docs/getting-started,0
https://app.nasa.gov/login,0
https://www.mozilla.org/help/faq,0
https://app.harvard.edu/articles/technology-trends,0
http://app1e.gq/confirm,1
http://t.co/tacg6ez,1
https://support.chase.com/news/world,0
http://g00g1e.xyz/secure,1
https://support.shopify.com/support/contact,0
https://app.forbes.com/blog/2024/updates,0
https://support.who.int/docs/getting-started,0
http://whatsapp--secure--rbrm.com/secure.html,1
https://support.notion.so/help/faq,0
http://210.241.227.131/netflix/signin.php,1
http://password-google-koe6-rnjl-kxho-0vh4.click/password/4nk0bp?session=ciki6cjdkql7&id=7642,1
http://confirm-amazon-b37v-mgga-emi6-qw04.biz/confirm/2lpicd?session=it16wt8jj4tv&id=5768,1
http://amazon--recovery--kfsf.com/recovery.html,1
https://who.int/articles/technology-trends,0
http://whatsapp--verify--onmr.com/verify.html,1
http://outlook--account--ig9w.com/account.html,1
https://app.cnn.com/news/world,0
https://app.bbc.com/login,0
http://dropbox--limited--jf6z.com/limited.html,1
https://docs.python.org/login,0
https://cloudflare.com/support/contact,0
http://150.59.237.148/microsoft/webscr.php,1
http://bank0famerica.biz/verify,1
http://google.secure-93c6l.11f6wc4zfd.top/,1
https://www.wellsfargo.com/news/world,0
https://docs.wikipedia.org/news/world,0
https://docs.reddit.com/support/contact,0
http://apple.limited-6097a.0cef65uyg3.tk/,1
http://faceb00k.xyz/secure,1
http://chase--suspend--l990.com/suspend.html,1
http://bit.ly/uwjx28k,1
http://bankofamerica.verify-omk17.2yi9mmq52s.cf/,1
https://adobe.com/login,0
https://app.stackoverflow.com/search?q=example,0
http://t.co/d1nym7s,1
http://cutt.ly/e4b0obr,1
http://goo.gl/ho2kgn6,1
https://app.airbnb.com/api/v1/users,0
http://5l4sd2l6aflm.gq/urgent/j8mhe,1
https://notion.so/support/contact,0
https://docs.wellsfargo.com/about,0
https://app.netflix.com,0
https://www.airbnb.com/pricing,0
https://notion.so/careers,0
https://support.mit.edu/login,0
http://hsdm76spy1at.gq/limited/njsbb,1
http://9o9yp6sdyy0u.info/verify/daqm2,1
http://154.185.135.44/dropbox/billing.php,1
http://whatsapp--password--5hjh.com/password.html,1
http://amazon.login-2iat4.wof0eh4308.click/,1
https://app.shopify.com/login,0
http://secure-wellsfargo-hld9-39es-eqgm-5vwi.cf/secure/gsemu5?session=2vtjxu1kaupo&id=8145,1
https://www.chase.com/search?q=example,0
https://cloudflare.com/login,0
https://www.reuters.com,0
https://support.linkedin.com/search?q=example,0
http://apple--limited--tg3k.com/limited.html,1
http://dr0pb0x.ga/urgent,1
http://67.88.201.91/chase/password.php,1
http://4e7iq88c88az.click/password/9jgrf,1
https://www.python.org/careers,0
http://chase-secure.info/urgent,1
https://app.apple.com/login,0
http://apple--recovery--kg04.com/recovery.html,1
http://we11sfarg0.top/verify,1
http://update-amazon-oc8p-scjr-irdp-n8ha.xyz/update/xuf9qi?session=0sudaworlqb8&id=2743,1
http://5nyuqizlsg38.gq/verify/ldljo,1
http://apple--billing--eypc.com/billing.html,1
http://t6t18um0zq63.info/unlock/lb7l5,1
http://2klzsa8v3lgy.biz/account/000mb,1
http://ow.ly/n7tlhxc,1
http://dropbox--limited--xtff.com/limited.html,1
http://google.recovery-hdk3z.50yp2knwdq.click/,1
https://support.forbes.com/en/home,0
http://dpc3dxmrx36z.ml/recovery/bpx52,1
https://app.harvard.edu/en/home,0
http://ow.ly/265gjxv,1
http://linkedin.account-6hep2.v3cgd8lkb5.biz/,1
https://support.linkedin.com/docs/getting-started,0
http://amth6eh44kdm.info/secure/vprcf,1
https://support.cnn.com/search?q=example,0
https://app.google.com/login,0
http://0ut100k.gq/urgent,1
https://support.python.org/account/settings,0
https://cloudflare.com/careers,0
http://amaz0n.cf/suspend,1
http://apple--suspend--b435.com/suspend.html,1
https://www.medium.com/search?q=example,0
https://paypal.com/docs/getting-started,0
http://241.136.211.92/amazon/password.php,1
https://support.who.int/products,0
https://www.ebay.com/about,0
https://un.org/api/v1/users,0
http://2dmjdolc4qk3.top/webscr/h5c2w,1
http://webscr-bankofamerica-kinz-f0h6-8c7g-aq9k.cf/webscr/v5hux9?session=z7zow0go3jma&id=9265,1
http://instagram--recovery--h0an.com/recovery.html,1
https://support.who.int,0
http://t.co/0m0j19q,1
https://docs.bbc.com/blog/2024/updates,0
http://dedi2lscuwps.ga/recovery/z4hee,1
http://ebay.account-5kbm9.85f22znpsk.info/,1
http://chase--login--4r8k.com/login.html,1
https://docs.adobe.com/account/settings,0
http://netflix.verify-q93a1.ieiqo7rmb8.tk/,1
http://suspend-apple-7m46-bh8l-brnp-2f8u.top/suspend/c5bv1l?session=0b7uyqfhg8ks&id=3359,1
http://whatsapp--suspend--g0jp.com/suspend.html,1
http://dropbox.secure-yr2xa.chpz5tlyf3.ml/,1
https://docs.google.com/login,0
http://64.133.183.249/amazon/update.php,1
http://66.56.202.106/instagram/update.php,1
https://support.medium.com/pricing,0
https://docs.slack.com/api/v1/users,0
https://docs.npr.org/blog/2024/updates,0
http://k42w6tsz0ptu.cf/unlock/p3jjc,1
http://ow.ly/qmcbfdn,1
http://bit.ly/ppptfet,1
http://ejb3vcfedlq9.ml/unlock/oq0y2,1
http://limited-bankofamerica-3isy-0x4k-nsf4-ilmk.biz/limited/5g05tp?session=n9dbwqwkl6ce&id=6533,1
https://docs.adobe.com/support/contact,0
https://support.un.org/en/home,0
https://support.shopify.com/news/world,0
http://is.gd/gcamb3z,1
https://docs.paypal.com/account/settings,0
https://microsoft.com/api/v1/users,0
http://hoc8eb4ysy2p.click/billing/qw34j,1
http://0kvoskk9of07.click/password/n43ra,1
http://chase.suspend-zw7zm.dbjwgihn3v.xyz/,1
http://444ngly98eji.info/secure/je46e,1
http://whatsapp.password-fc6v3.y4r1f1xl11.cf/,1
https://www.nytimes.com/help/faq,0
http://25.234.95.235/instagram/confirm.php,1
https://www.un.org/blog/2024/updates,0
http://confirm-microsoft-bw5y-rs3s-4ada-i093.top/confirm/tt815z?session=t22tf0myw1cq&id=6416,1
https://docs.harvard.edu/help/faq,0
http://google--login--7l8o.com/login.html,1
http://amazon--webscr--jby4.com/webscr.html,1
https://www.wikipedia.org/login,0
https://app.amazon.com/docs/getting-started,0
https://support.paypal.com/blog/2024/updates,0
http://07nqldf1vtkm.xyz/recovery/0448k,1
https://support.instagram.com/articles/technology-trends,0
http://ze4y4l67qiuw.biz/limited/zecbk,1
http://cutt.ly/yf5b5gu,1
http://bankofamerica.billing-6mzme.t3j6gioxy2.gq/,1
http://microsoft.billing-80wpn.li2yb3v784.biz/,1
http://google--password--568h.com/password.html,1
http://confirm-microsoft-l75m-n46w-w9ie-21ye.biz/confirm/fi7tgh?session=5od8vbosqywe&id=3586,1
https://www.nasa.gov/about,0
http://whatsapp--billing--0khi.com/billing.html,1
http://10.236.32.99/linkedin/limited.php,1
https://www.nytimes.com/support/contact,0
https://support.microsoft.com,0
http://hjdcl6kaz139.gq/account/6to1k,1
http://syoy6gu58flm.info/login/39bcp,1
https://app.salesforce.com/api/v1/users,0
http://x3e3ybpibfi1.xyz/update/379ly,1
http://signin-amazon-pac4-jxfp-k5fv-ddwj.info/signin/gi5ou9?session=w2mbywiqc529&id=5828,1
http://facebook.billing-btanl.tntx3doqn6.xyz/,1
http://google--password--jn7b.com/password.html,1
https://support.amazon.com/login,0
http://bit.ly/juuzo1p,1
https://support.medium.com/support/contact,0
https://nasa.gov/support/contact,0
http://apple--secure--rfc4.com/secure.html,1
http://14.172.15.52/dropbox/update.php,1
http://linkedin--verify--fkne.com/verify.html,1
https://apple.com/pricing,0
http://rb.gy/cxuqele,1
https://www.stackoverflow.com/blog/2024/updates,0
https://netflix.com/docs/getting-started,0
http://zny1qeg9ddvp.click/urgent/wcaq6,1
https://support.linkedin.com/articles/technology-trends,0
https://support.salesforce.com/account/settings,0
http://dr0pb0x.info/limited,1
https://docs.shopify.com/news/world,0
http://tinyurl.com/lwtk38l,1
https://app.nytimes.com/news/world,0
https://www.reddit.com/en/home,0
http://secure-whatsapp-1rg5-9y7y-cggg-hpx0.top/secure/cw237c?session=z1bnlbvgs0b3&id=5153,1
http://facebook--password--d7gy.com/password.html,1
http://whatsapp.login-iv910.rxip679wzk.tk/,1
https://www.apple.com/articles/technology-trends,0
http://facebook.password-ghf5a.mppqnompwj.info/,1
http://235.56.188.20/dropbox/suspend.php,1
http://1z9d0b94jzh3.top/billing/b2lnt,1
http://login-linkedin-6td5-n89s-hpy9-vl8m.tk/login/1fvp4b?session=giqksq0k1nkx&id=2599,1
http://webscr-ebay-x2a8-ldbq-8c04-u4fl.cf/webscr/yftzff?session=k65rk196j3z4&id=1819,1
https://cnn.com/account/settings,0
http://unlock-bankofamerica-4a91-fneq-x9tm-quzy.cf/unlock/feo89x?session=dnslm0kicpmt&id=8495,1
http://verify-instagram-bz5j-3uja-86vs-4sj2.xyz/verify/h4ci9h?session=tbzo2wfudm7o&id=5553,1
http://41.231.203.126/amazon/verify.php,1
https://docs.apple.com/articles/technology-trends,0
http://wellsfargo.limited-h13ws.wvz0rtmc7v.ml/,1
http://tinyurl.com/dmpp566,1
http://t.co/pcrhyzi,1
https://support.airbnb.com/account/settings,0
https://support.salesforce.com/blog/2024/updates,0
http://micr0s0ft.cf/signin,1
https://www.nasa.gov/help/faq,0
http://ow.ly/udhhild,1
http://update-instagram-ects-377v-1iv5-wmkz.tk/update/ooinb6?session=khxcyq8ddgbd&id=2897,1
https://docs.mozilla.org/account/settings,0
http://198.212.249.129/amazon/password.php,1
https://www.wellsfargo.com/products,0
https://google.com/login,0
http://whatsapp.update-nb1rq.nucydx14nd.ga/,1
http://netflix--limited--leak.com/limited.html,1
http://dbm8yb94dyyi.top/login/19ih2,1
http://ow.ly/cr4zcqr,1
http://iiwb9f54ydke.gq/unlock/bz78q,1
http://apple--verify--vw48.com/verify.html,1
https://www.microsoft.com/careers,0
https://app.figma.com/account/settings,0
http://bit.ly/54ta1so,1
https://npr.org,0
http://b4lahfp39rrb.biz/verify/4ejne,1
http://update-outlook-8sdz-iza3-73df-drgv.biz/update/gs4vdh?session=6dn7j95iojtt&id=1105,1
http://is.gd/tbcdpq9,1
http://24.151.3.59/chase/secure.php,1
https://app.cloudflare.com/help/faq,0
https://bbc.com/pricing,0
http://116.62.102.1/chase/recovery.php,1
https://support.medium.com/blog/2024/updates,0
http://google--login--2hfw.com/login.html,1
http://google--confirm--v3ir.com/confirm.html,1
http://unlock-paypal-ecew-6gst-fs2y-zb4k.info/unlock/oiz8sj?session=txa99jhcaz89&id=2394,1
http://b1uzlucsuc6d.ga/webscr/5eeij,1
http://ow.ly/d3aeyrx,1
http://oulzyq818pz9.click/billing/t6ytf,1
https://shopify.com/api/v1/users,0
http://wellsfargo--verify--pkga.com/verify.html,1
http://ow.ly/lk6rna7,1
http://3ghpb3lrb472.xyz/update/qh9fw,1
https://docs.mozilla.org/en/home,0
http://paypa1.click/account,1
https://docs.amazon.com,0
https://www.chase.com/careers,0
http://suspend-facebook-5ta1-h2m3-aq0r-5lv6.click/suspend/6stq8p?session=vr96t2hl5au6&id=8708,1
http://app1e.info/password,1
http://t.co/45gadra,1
https://support.cloudflare.com/search?q=example,0
https://cnn.com/help/faq,0
https://docs.slack.com/products,0
https://www.cloudflare.com/support/contact,0
https://docs.notion.so/help/faq,0
http://1qh26x4v8xhl.top/account/8yfja,1
http://microsoft.login-mdma0.jkwbftm4r6.click/,1
https://app.mozilla.org,0
http://bankofamerica.recovery-30d7t.v44ci4j38v.biz/,1
http://198.87.235.61/apple/billing.php,1
https://app.cnn.com/about,0
https://app.cnn.com/account/settings,0
https://www.npr.org/news/world,0
https://www.salesforce.com/api/v1/users,0
https://support.cnn.com/support/contact,0
https://www.wikipedia.org/blog/2024/updates,0
http://itdyslriu0om.gq/urgent/mlsq2,1
http://instagram.webscr-7s9kj.eolmv2b2ep.info/,1
http://limited-amazon-orjg-n96k-bc88-ma5b.xyz/limited/ns127i?session=3shh215qfirh&id=6795,1
http://we11sfarg0.click/verify,1
http://bankofamerica.login-begio.vw4p8v5o19.top/,1
http://google--suspend--8mit.com/suspend.html,1
http://update-amazon-22al-l2ek-dvp3-75hn.click/update/ui97pi?session=jbgixzd9mlcc&id=5346,1
http://tinyurl.com/i9r1n6u,1
http://233.99.228.168/outlook/password.php,1
http://60.26.244.22/amazon/limited.php,1
http://240.50.114.3/ebay/confirm.php,1
http://ecqvcjw9zole.click/secure/snx2q,1
http://netflix.webscr-nvvxs.e6k088zfwo.cf/,1
https://support.shopify.com/pricing,0
http://34.132.222.136/netflix/verify.php,1
http://signin-ebay-uxmc-c2ma-wbxv-0au3.ml/signin/ig79hi?session=4599vhcupt81&id=5807,1
https://dropbox.com/search?q=example,0
http://ebay--billing--ur0f.com/billing.html,1
http://netf1ix.top/billing,1
https://docs.notion.so/about,0
https://amazon.com/search?q=example,0
http://outlook.recovery-gimei.6kxsne7nl8.cf/,1
http://goo.gl/0dpjgsx,1
http://ebay.update-dnop4.cr9rfmei7t.click/,1
http://jix5abdezov0.gq/login/d3kni,1
https://support.mozilla.org/api/v1/users,0
http://vgeacc0cwpa8.info/account/06qpa,1
http://wellsfargo--suspend--avc2.com/suspend.html,1
http://webscr-apple-146l-ligy-u6y0-przv.gq/webscr/2ii06t?session=9u9nmnswil68&id=6281,1
http://ow.ly/sqtc21z,1
http://dr0pb0x.click/password,1
https://app.npr.org/support/contact,0
http://is.gd/yfgffaj,1
http://paypal.password-tvm8f.dgydf1zl2w.click/,1
http://5atkvt1hi7sv.xyz/signin/ix4eb,1
https://www.un.org,0
https://www.mit.edu/login,0
http://netf1ix.biz/login,1
https://npr.org/docs/getting-started,0
http://cutt.ly/ys93f7s,1
https://app.microsoft.com/support/contact,0
http://fee60ba8jgzm.biz/recovery/tu16b,1
https://app.reuters.com/pricing,0
http://suspend-whatsapp-yt5s-d7cm-ft8l-ud8b.tk/suspend/tymw8d?session=167l6xcng3lo&id=6247,1
https://app.salesforce.com,0
https://www.twitter.com/support/contact,0
http://cutt.ly/i2x6uxf,1
http://secure-whatsapp-l8wu-3r9k-e7j2-sq8x.click/secure/a6ylbx?session=pue8ym759jsu&id=7714,1
http://bankofamerica--login--2sc5.com/login.html,1
http://hlnfodrt98f9.biz/confirm/8t9tg,1
https://app.who.int/articles/technology-trends,0
http://google.billing-4h0f6.7309n0wiqr.ga/,1
https://nytimes.com/products,0
http://rb.gy/fv9ciab,1
https://support.nytimes.com/articles/technology-trends,0
http://wellsfargo.update-1rugy.mrzgtkn512.top/,1
https://netflix.com/account/settings,0
https://support.nasa.gov/products,0
http://apple--suspend--mvo8.com/suspend.html,1
http://password-google-comx-jfhd-pjsa-vht2.click/password/bvn8nn?session=87q94jby7cqk&id=1984,1
https://docs.stackoverflow.com/en/home,0
http://caqhiu353ef9.cf/signin/2i4rk,1
https://www.wikipedia.org/support/contact,0
http://faceb00k.ml/urgent,1
https://forbes.com/news/world,0
https://apple.com/search?q=example,0
https://docs.who.int/pricing,0
http://tg2v8lmgont6.gq/unlock/u74gt,1
https://bbc.com/help/faq,0
http://9nwri1e9qqyk.top/update/3fq1j,1
https://www.ebay.com/help/faq,0
https://app.nytimes.com/login,0
http://t.co/uzwigv0,1
https://docs.cloudflare.com/en/home,0
https://www.amazon.com/support/contact,0
https://app.google.com/articles/technology-trends,0
https://docs.forbes.com/api/v1/users,0
https://wellsfargo.com/en/home,0
http://xl2l6j2bc8ht.gq/suspend/gwl7k,1
http://0ut100k.cf/signin,1
http://rb.gy/y8g1w5b,1
https://un.org/articles/technology-trends,0
https://docs.mit.edu/docs/getting-started,0
https://www.airbnb.com/api/v1/users,0
https://docs.microsoft.com/products,0
https://docs.medium.com/account/settings,0
https://support.ebay.com/articles/technology-trends,0
https://docs.instagram.com/news/world,0
http://unlock-instagram-numm-sr8u-2hrj-krha.biz/unlock/96gn8w?session=9urjspketv82&id=1831,1
http://183.207.125.63/paypal/verify.php,1
https://app.microsoft.com/api/v1/users,0
http://facebook--limited--4cxk.com/limited.html,1
http://facebook--account--70k8.com/account.html,1
https://docs.wikipedia.org/about,0
https://www.linkedin.com/support/contact,0
http://paypa1.tk/verify,1
http://t.co/yy4qj71,1
http://s79vzws01ptv.gq/suspend/sotqe,1
https://docs.npr.org,0
http://ahw2ppcuyhyq.info/webscr/sb7x6,1
https://www.figma.com/pricing,0
http://paypal.urgent-cvdvc.p5ye8t582b.top/,1
https://app.ebay.com/pricing,0
https://docs.stackoverflow.com/about,0
http://bankofamerica--secure--9th9.com/secure.html,1
https://app.bbc.com/search?q=example,0
https://docs.un.org/news/world,0
https://support.un.org/login,0
https://www.airbnb.com/docs/getting-started,0
https://app.adobe.com/pricing,0
https://amazon.com/news/world,0
http://6ouupmwtmv70.gq/suspend/q1mis,1
https://nytimes.com/search?q=example,0
https://docs.spotify.com/pricing,0
https://support.reddit.com/products,0
http://limited-instagram-k51i-ty5h-5984-49k6.tk/limited/zq5yws?session=udbcixwbvyg1&id=6654,1
https://support.ebay.com/products,0
https://app.amazon.com/account/settings,0
http://whatsapp.secure-iyoun.cyr1l32fhw.tk/,1
https://www.amazon.com/about,0
http://uwar7jz2n82w.top/urgent/mtfc8,1
http://google.secure-uuonm.tlgb8ci8we.gq/,1
http://is.gd/1rvrrgq,1
http://google.secure-v377r.fgzsgpoqlt.ga/,1
http://amaz0n.ml/password,1
http://instagram--password--dady.com/password.html,1
http://microsoft--recovery--kbt9.com/recovery.html,1
http://whatsapp--limited--w6tk.com/limited.html,1
http://dropbox.update-zd9l2.cujf63y9pg.ml/,1
http://is.gd/d7h2516,1
http://0ut100k.tk/urgent,1
http://cutt.ly/ky3a7o8,1
https://app.chase.com/support/contact,0
http://246.172.103.109/whatsapp/unlock.php,1
https://adobe.com/api/v1/users,0
https://airbnb.com/about,0
https://support.dropbox.com/help/faq,0
http://bnkyzsjht51t.biz/verify/iwgx6,1
http://9rj6gd23hgg9.tk/billing/6gkhn,1
http://update-wellsfargo-sw0b-2utc-hwc8-zplf.info/update/gij51r?session=w3p73ceuxcjg&id=7257,1
https://www.bbc.com/docs/getting-started,0
http://cutt.ly/n0xxzr2,1
http://paypal.suspend-j2wln.glsh8zkear.tk/,1
https://app.figma.com/docs/getting-started,0
https://app.amazon.com/news/world,0
https://www.amazon.com/docs/getting-started,0
http://ebay.account-t10ue.81d7mx3jpj.cf/,1
http://is.gd/g45mio6,1
http://dtu4i4gr2iqy.cf/limited/cf8yq,1
http://update-linkedin-994r-phj2-gciy-4y4k.tk/update/x2l2b5?session=wvfxelitzjhm&id=6254,1
http://we11sfarg0.xyz/password,1
https://app.cloudflare.com,0
http://linkedin.webscr-spvpx.h7d4772urm.cf/,1
https://www.adobe.com/docs/getting-started,0
http://112.55.138.96/amazon/webscr.php,1
http://app1e.ga/login,1
http://outlook.login-ycjyf.sjbgnu66wn.ml/,1
https://docs.apple.com/support/contact,0
https://airbnb.com/en/home,0
https://www.medium.com/news/world,0
https://app.paypal.com/login,0
https://cnn.com/about,0
https://microsoft.com/about,0
https://support.stackoverflow.com/support/contact,0
https://www.twitter.com/docs/getting-started,0
https://support.cnn.com/api/v1/users,0
http://ebay-secure.tk/recovery,1
https://docs.chase.com,0
https://app.mit.edu/support/contact,0
https://app.spotify.com/en/home,0
https://docs.figma.com/search?q=example,0
https://www.slack.com/login,0
https://chase.com/en/home,0
https://app.google.com/help/faq,0
http://signin-google-h5aj-qo4z-xtx1-l8rg.click/signin/2kiw1a?session=wmhmsciz0vck&id=4260,1
https://support.netflix.com/articles/technology-trends,0
http://yzkjfmh05a6d.xyz/verify/z9x0z,1
http://we11sfarg0.biz/account,1
http://167.87.152.112/amazon/webscr.php,1
https://support.cloudflare.com/api/v1/users,0
http://chase-secure.ga/suspend,1
http://ow.ly/vyxnt14,1
https://docs.cnn.com/careers,0
https://netflix.com/articles/technology-trends,0
http://6.138.84.10/bankofamerica/update.php,1
https://reddit.com/articles/technology-trends,0
